========================================================
=== 10 LOWEST PEARSON CORRELATION SCORES & DETAILED TRACES ===
========================================================
Overall Average Score (1000 runs): 0.999656

======================================================================
RANK #1 | Iteration: 610 | Pearson Score: 0.966138
======================================================================

My Pipeline Bin Results (33 bins):
[-1.9677734375, -4.3916015625, -17.1533203125, -18.591796875, -21.6044921875, -18.14453125, -19.3525390625, -16.830078125, -16.14453125, -18.1650390625, -20.1220703125, -20.2646484375, -18.755859375, -15.96484375, -16.3759765625, -17.2275390625, -17.9990234375, -16.8828125, -18.6513671875, -21.0693359375, -18.25, -16.5556640625, -15.79296875, -16.2822265625, -16.8701171875, -21.9296875, -20.73046875, -19.3701171875, -18.095703125, -18.353515625, -21.6435546875, -19.943359375, -30.0]

Original Floating-Point Reference (33 bins):
[5.017398049285456, 3.8039018815507295, -2.5491908170677586, -3.2531589247635204, -4.9384862503797535, -3.048932157483789, -3.734864183178135, -2.415885244494988, -2.0750999950443356, -3.0435300412129824, -4.0457348519158245, -4.191162192259103, -3.3695418755490354, -1.9809216145928965, -2.1928574801264875, -2.5982616008563877, -3.004265653813939, -2.4482425280508866, -3.297018190607903, -4.544996501037887, -3.1020643280095115, -2.2634202886524566, -1.9001045801336858, -2.136719018467393, -2.4235349087766305, -4.929128177796876, -4.353711473679436, -3.7272670686766283, -3.0410585500842995, -3.168066106928759, -4.834132349436906, -3.9986967102957522, -13.722324341867868]

DETAILED STEP-BY-STEP TRACE LOG:
--------------------------------------------------
--- STEP 0: Raw Input vs Q1.15 Input ---
Raw Input Floats: [0.9539661051247088, 0.9192110149552086, 0.9156523257347046, 0.9726346525567222, 0.9160231628899463, 0.9996441146122497, 0.9270031650193136, 0.9472458886391663, 0.993562098143931, 0.9570074876805529, 0.9120540017676161, 0.9283967404843139, 0.9412519474067262, 0.9977123607121933, 0.9330647887631627, 0.9876558750611912, 0.9745260490993863, 0.9603327811294431, 0.9956468079625159, 0.9554312969157913, 0.9435032112444407, 0.9352295937748442, 0.9455316244484917, 0.9605768407605787, 0.9966352023037458, 0.9458331977075305, 0.9611087206812249, 0.9931380313025554, 0.9139062526688986, 0.9419510204480404, 0.9139634155023675, 0.9102829678485288, 0.9729346963496407, 0.9641833440840785, 0.9264583814691549, 0.9352117784353149, 0.9101302264438472, 0.9310902019035472, 0.9919484653990327, 0.9007986517831823, 0.9157919070111507, 0.9871263103248538, 0.9845280447601112, 0.9173198160781244, 0.9168685844572402, 0.9307455546278638, 0.9371074594899114, 0.9533134368541822, 0.9606398283563439, 0.9549533983953391, 0.9948929633431173, 0.9730659920631126, 0.9399951400629926, 0.9952892339847456, 0.9864366015923225, 0.9079765368633181, 0.9705884370683693, 0.9997205722826221, 0.9716471482569982, 0.9598399226324442, 0.9694802697732994, 0.9587405341298759, 0.9377845029739327, 0.9584921980226011]
Q1.15 Converted : [31260, 30121, 30004, 31871, 30016, 32756, 30376, 31039, 32557, 31359, 29886, 30422, 30843, 32693, 30575, 32364, 31933, 31468, 32625, 31308, 30917, 30646, 30983, 31476, 32658, 30993, 31494, 32543, 29947, 30866, 29949, 29828, 31881, 31594, 30358, 30645, 29823, 30510, 32504, 29517, 30009, 32346, 32261, 30059, 30044, 30499, 30707, 31238, 31478, 31292, 32601, 31885, 30802, 32614, 32324, 29753, 31804, 32759, 31839, 31452, 31768, 31416, 30729, 31408]

--- STEP 1: Windowed Samples (Q1.15) ---
[2500, 2478, 2673, 3200, 3485, 4455, 4858, 5823, 7123, 7940, 8679, 10043, 11471, 13580, 14067, 16363, 17610, 18792, 20957, 21492, 22544, 23597, 25050, 26577, 28647, 28100, 29368, 31060, 29116, 30427, 29795, 29810, 31862, 31432, 29926, 29794, 28464, 28451, 29470, 25892, 25338, 26152, 24840, 21918, 20624, 19591, 18338, 17227, 15915, 14397, 13542, 11859, 10168, 9472, 8184, 6510, 5967, 5239, 4330, 3652, 3190, 2799, 2528, 2512]

--- STEP 2: FFT Stages ---
Stage 1 Max Abs Real: 17355 | Max Abs Imag: 0
  Real: [17180, 16954, 16299, 16496, 15974, 16452, 17163, 15857, 16230, 17045, 16759, 15980, 16047, 16585, 16202, 16794, 16762, 16594, 17249, 16675, 16355, 16534, 16616, 16543, 17306, 16669, 16848, 17355, 16152, 16612, 16161, 16160, -14681, -14477, -13626, -13297, -12489, -11998, -12306, -10034, -9107, -9106, -8080, -5937, -4576, -3005, -2135, -432, 848, 2198, 3708, 4817, 6188, 7063, 8433, 10034, 11340, 11431, 12519, 13704, 12963, 13814, 13634, 13649]
  Imag: [0, 0, 0, 0, 0, 0, 0, 0, 0, 0, 0, 0, 0, 0, 0, 0, 0, 0, 0, 0, 0, 0, 0, 0, 0, 0, 0, 0, 0, 0, 0, 0, 0, 0, 0, 0, 0, 0, 0, 0, 0, 0, 0, 0, 0, 0, 0, 0, 0, 0, 0, 0, 0, 0, 0, 0, 0, 0, 0, 0, 0, 0, 0, 0]

Stage 2 Max Abs Real: 16970 | Max Abs Imag: 6907
  Real: [16970, 16773, 16773, 16585, 16164, 16492, 16889, 16199, 16767, 16856, 16803, 16667, 16099, 16598, 16181, 16476, 209, 180, -475, -89, -190, -41, 274, -343, -538, 188, -44, -687, -52, -13, 21, 317, -7341, -7239, -6813, -6649, -6245, -5999, -6153, -5017, -4554, -4553, -4040, -2969, -2288, -1503, -1068, -216, -7341, -7239, -6813, -6649, -6245, -5999, -6153, -5017, -4554, -4553, -4040, -2969, -2288, -1503, -1068, -216]
  Imag: [0, 0, 0, 0, 0, 0, 0, 0, 0, 0, 0, 0, 0, 0, 0, 0, 0, 0, 0, 0, 0, 0, 0, 0, 0, 0, 0, 0, 0, 0, 0, 0, -424, -1099, -1854, -2409, -3094, -3532, -4217, -5017, -5670, -5716, -6260, -6852, -6482, -6907, -6817, -6825, 424, 1099, 1854, 2408, 3094, 3531, 4216, 5017, 5670, 5715, 6259, 6852, 6481, 6907, 6817, 6824]

Stage 3 Max Abs Real: 16868 | Max Abs Imag: 4846
  Real: [16868, 16814, 16787, 16625, 16131, 16544, 16534, 16337, 102, -41, -15, -41, 33, -53, 354, -138, 104, 90, -238, -45, -95, -21, 137, -172, 104, 90, -238, -45, -95, -21, 137, -172, -7286, -7250, -7048, -6797, -6223, -5973, -5865, -4998, -56, 11, 235, 147, -22, -27, -289, -20, -56, 11, 234, 147, -23, -27, -289, -20, -7286, -7250, -7048, -6797, -6223, -5973, -5865, -4998]
  Imag: [0, 0, 0, 0, 0, 0, 0, 0, 0, 0, 0, 0, 0, 0, 0, 0, 269, -94, 22, 343, 26, 6, -11, -159, -269, 94, -22, -344, -26, -7, 10, 158, -607, -961, -1713, -2578, -3031, -3677, -4142, -4846, 183, -138, -142, 168, -64, 145, -76, -172, -183, 138, 142, -169, 64, -146, 75, 171, 607, 961, 1712, 2577, 3030, 3676, 4141, 4845]

Stage 4 Max Abs Real: 16678 | Max Abs Imag: 2572
  Real: [16499, 16678, 16660, 16480, 369, 135, 127, 144, 51, -21, -8, -21, 51, -21, -8, -21, 27, 40, -75, -140, 76, 50, -164, 94, 76, 50, -164, 94, 27, 40, -75, -139, -7098, -7088, -7026, -6635, -189, -162, -22, -163, -54, 77, 137, -2, -3, -67, 97, 149, -3, -67, 96, 148, -54, 78, 137, -2, -189, -163, -23, -163, -7098, -7088, -7026, -6635]
  Imag: [0, 0, 0, 0, 0, 0, 0, 0, -17, 26, -177, 69, 16, -27, 177, -69, 177, -38, -42, 175, 92, -56, 63, 167, -92, 56, -64, -168, -177, 38, 41, -177, -514, -1037, -1648, -2572, -94, 76, -65, -6, 113, -85, 77, 125, 69, -53, -219, 42, -69, 53, 218, -43, -114, 85, -77, -126, 94, -76, 65, 6, 513, 1036, 1647, 2571]

Stage 5 Max Abs Real: 16579 | Max Abs Imag: 1133
  Real: [16579, 16578, -80, 99, 184, 67, 184, 67, -40, 6, 91, -28, 91, -28, -40, 6, -30, -12, 56, 51, 98, 84, -23, -35, -23, -35, 99, 85, 56, 50, -29, -11, -7155, -7049, 57, -40, -124, -68, -65, -94, 43, 89, -98, -13, -103, -84, 99, 16, 99, 16, -102, -84, -98, -13, 43, 90, -65, -95, -124, -69, 57, -40, -7155, -7049]
  Imag: [0, 0, 0, 0, -64, -72, 63, 72, -69, 44, 52, -18, -53, 17, 68, -45, 83, 88, 94, -126, 109, -104, -17, 47, 17, -48, -109, 104, -94, 127, -84, -89, -381, -1133, -134, 96, -31, 118, -64, -42, 20, -8, 92, -78, 98, -86, -30, 32, 29, -33, -98, 86, -93, 78, -21, 7, 64, 42, 30, -118, 133, -96, 379, 1132]

Stage 6 Max Abs Real: 16578 | Max Abs Imag: 410
  Real: [16578, 1, -40, -40, 90, 93, 93, 90, -9, -31, 42, 48, 48, 43, -32, -9, -12, -18, -39, 94, 29, 69, 16, -40, -40, 16, 69, 30, 95, -39, -18, -11, -7141, -14, 78, -21, -38, -86, -10, -56, 59, -16, -80, -18, -105, 2, 46, 52, 52, 46, 2, -105, -18, -80, -17, 59, -56, -9, -86, -38, -21, 78, -15, -7141]
  Imag: [0, 0, -50, 49, -82, 17, -18, 81, -16, -53, 41, 10, -11, -42, 53, 15, 85, -3, 33, 60, -10, 118, -19, 2, -2, 19, -119, 10, -60, -34, 2, -87, -410, 28, -53, -82, 47, -79, 13, -78, -15, 35, 69, 22, 76, 21, -33, 3, -4, 33, -22, -77, -23, -70, -36, 14, 78, -14, 78, -49, 81, 52, -29, 408]

--- STEP 3: Magnitude & Log2 Computation ---
Bin 00: Re= 16578, Im=     0 | cap_prod= 274830084 -> log2=-1.967773
Bin 01: Re= -7141, Im=  -410 | cap_prod=  51161981 -> log2=-4.391602
Bin 02: Re=   -12, Im=    85 | cap_prod=      7369 -> log2=-17.153320
Bin 03: Re=    52, Im=    -4 | cap_prod=      2720 -> log2=-18.591797
Bin 04: Re=    -9, Im=   -16 | cap_prod=       337 -> log2=-21.604492
Bin 05: Re=    59, Im=   -15 | cap_prod=      3706 -> log2=-18.144531
Bin 06: Re=   -40, Im=    -2 | cap_prod=      1604 -> log2=-19.352539
Bin 07: Re=   -56, Im=    78 | cap_prod=      9220 -> log2=-16.830078
Bin 08: Re=    90, Im=   -82 | cap_prod=     14824 -> log2=-16.144531
Bin 09: Re=   -38, Im=    47 | cap_prod=      3653 -> log2=-18.165039
Bin 10: Re=    29, Im=   -10 | cap_prod=       941 -> log2=-20.122070
Bin 11: Re=   -18, Im=   -23 | cap_prod=       853 -> log2=-20.264648
Bin 12: Re=    48, Im=   -11 | cap_prod=      2425 -> log2=-18.755859
Bin 13: Re=  -105, Im=    76 | cap_prod=     16801 -> log2=-15.964844
Bin 14: Re=    95, Im=   -60 | cap_prod=     12625 -> log2=-16.375977
Bin 15: Re=   -21, Im=    81 | cap_prod=      7002 -> log2=-17.227539
Bin 16: Re=   -40, Im=   -50 | cap_prod=      4100 -> log2=-17.999023
Bin 17: Re=    78, Im=   -53 | cap_prod=      8893 -> log2=-16.882812
Bin 18: Re=   -39, Im=    33 | cap_prod=      2610 -> log2=-18.651367
Bin 19: Re=     2, Im=   -22 | cap_prod=       488 -> log2=-21.069336
Bin 20: Re=    42, Im=    41 | cap_prod=      3445 -> log2=-18.250000
Bin 21: Re=   -80, Im=    69 | cap_prod=     11161 -> log2=-16.555664
Bin 22: Re=    69, Im=  -119 | cap_prod=     18922 -> log2=-15.792969
Bin 23: Re=   -86, Im=    78 | cap_prod=     13480 -> log2=-16.282227
Bin 24: Re=    93, Im=   -18 | cap_prod=      8973 -> log2=-16.870117
Bin 25: Re=   -10, Im=    13 | cap_prod=       269 -> log2=-21.929688
Bin 26: Re=    16, Im=   -19 | cap_prod=       617 -> log2=-20.730469
Bin 27: Re=   -17, Im=   -36 | cap_prod=      1585 -> log2=-19.370117
Bin 28: Re=   -32, Im=    53 | cap_prod=      3833 -> log2=-18.095703
Bin 29: Re=    46, Im=   -33 | cap_prod=      3205 -> log2=-18.353516
Bin 30: Re=   -18, Im=     2 | cap_prod=       328 -> log2=-21.643555
Bin 31: Re=   -15, Im=   -29 | cap_prod=      1066 -> log2=-19.943359
Bin 32: Re=     1, Im=     0 | cap_prod=         1 -> log2=-30.000000

######################################################################

======================================================================
RANK #2 | Iteration: 133 | Pearson Score: 0.989274
======================================================================

My Pipeline Bin Results (33 bins):
[-1.970703125, -4.3798828125, -27.0, -17.5859375, -16.80078125, -17.4765625, -18.7119140625, -17.2724609375, -18.458984375, -24.3857421875, -20.943359375, -21.8251953125, -17.4169921875, -16.953125, -19.5830078125, -19.0205078125, -20.80859375, -19.9990234375, -17.3779296875, -16.494140625, -17.853515625, -18.02734375, -18.3193359375, -17.5732421875, -17.1689453125, -18.8203125, -17.142578125, -15.4873046875, -15.2080078125, -17.03515625, -20.6611328125, -18.7099609375, -22.6005859375]

Original Floating-Point Reference (33 bins):
[5.015679932935656, 3.80982884288182, -9.69385291957282, -2.772257376227955, -2.394824376892591, -2.757729199393519, -3.3956541720988542, -2.6020278425574483, -3.2473721607016013, -6.380360532136112, -4.461000476555278, -4.842520113698702, -2.700959226103566, -2.47753606456033, -3.8385591736534734, -3.47779220246222, -4.411622788915261, -3.9595330447558816, -2.690311185490486, -2.243570472785859, -2.9249487965251206, -3.0262771662769503, -3.1778341066254177, -2.780207099355888, -2.580267993358976, -3.409949208673387, -2.577298535940154, -1.7384540518257636, -1.6144687409287433, -2.508848614580848, -4.36558426984816, -3.3646320596942587, -5.2404200157415755]

DETAILED STEP-BY-STEP TRACE LOG:
--------------------------------------------------
--- STEP 0: Raw Input vs Q1.15 Input ---
Raw Input Floats: [0.9382840229124539, 0.9158890851164088, 0.9747352971021161, 0.9800590302667456, 0.9172808149322949, 0.9896036145560326, 0.9060481630353099, 0.9860092843935161, 0.9238008269114266, 0.9174928227229434, 0.9031703763504261, 0.9382081825993078, 0.9514181204527452, 0.9369460770857657, 0.9084384199541647, 0.946572490490375, 0.9791850599932956, 0.9528494484958085, 0.9465624064717051, 0.9848779854221493, 0.9190541950898743, 0.9657946742345231, 0.9350166699118349, 0.9565378230447864, 0.9250208303593344, 0.9153416739681071, 0.9832161198854026, 0.9309889392524602, 0.9418081014121957, 0.9362164844141682, 0.954794464989205, 0.9013982276983685, 0.9638024706456935, 0.9945902946304396, 0.9018561691157658, 0.9827519473736428, 0.9184642557978061, 0.9670172129426091, 0.9460022589367068, 0.9128910550797857, 0.9331146134371481, 0.9015071442352163, 0.994874252360928, 0.9702720897305689, 0.9836290389458043, 0.9707345911803636, 0.9977268626895113, 0.987225576496043, 0.9723951070760746, 0.9399623545981438, 0.9664767400918446, 0.9633006166424434, 0.9646690960897334, 0.9889295985478224, 0.955450333628024, 0.9067898294575991, 0.9312192084472426, 0.9606367087442325, 0.9448717675428476, 0.9268933727059507, 0.9428818937238568, 0.9265183178914603, 0.9813902970498686, 0.9231142286791014]
Q1.15 Converted : [30746, 30012, 31940, 32115, 30057, 32427, 29689, 32310, 30271, 30064, 29595, 30743, 31176, 30702, 29768, 31017, 32086, 31223, 31017, 32272, 30116, 31647, 30639, 31344, 30311, 29994, 32218, 30507, 30861, 30678, 31287, 29537, 31582, 32591, 29552, 32203, 30096, 31687, 30999, 29914, 30576, 29541, 32600, 31794, 32232, 31809, 32694, 32349, 31863, 30801, 31670, 31565, 31610, 32405, 31308, 29714, 30514, 31478, 30962, 30372, 30896, 30360, 32158, 30249]

--- STEP 1: Windowed Samples (Q1.15) ---
[2459, 2469, 2846, 3225, 3490, 4410, 4748, 6062, 6623, 7612, 8595, 10149, 11595, 12753, 13696, 15682, 17694, 18646, 19924, 22154, 21960, 24367, 24772, 26465, 26588, 27194, 30044, 29117, 30004, 30241, 31126, 29519, 31563, 32423, 29131, 31309, 28724, 29548, 28106, 26240, 25817, 23884, 25101, 23183, 22127, 20432, 19524, 17839, 16110, 14171, 13155, 11740, 10435, 9411, 7927, 6501, 5725, 5034, 4211, 3526, 3102, 2705, 2645, 2419]

--- STEP 2: FFT Stages ---
Stage 1 Max Abs Real: 17445 | Max Abs Imag: 0
  Real: [17010, 17445, 15988, 17266, 16106, 16978, 16426, 16150, 16219, 15747, 16847, 16665, 16860, 16592, 16609, 16760, 16901, 16408, 16539, 16946, 16197, 16888, 16349, 16482, 16156, 16113, 17127, 16321, 16552, 16472, 16885, 15968, -14552, -14977, -13142, -14042, -12617, -12569, -11679, -10089, -9597, -8136, -8253, -6517, -5266, -3839, -2914, -1078, 792, 2238, 3385, 5207, 5763, 7478, 8423, 9982, 10432, 11080, 12917, 12796, 13451, 13768, 14241, 13550]
  Imag: [0, 0, 0, 0, 0, 0, 0, 0, 0, 0, 0, 0, 0, 0, 0, 0, 0, 0, 0, 0, 0, 0, 0, 0, 0, 0, 0, 0, 0, 0, 0, 0, 0, 0, 0, 0, 0, 0, 0, 0, 0, 0, 0, 0, 0, 0, 0, 0, 0, 0, 0, 0, 0, 0, 0, 0, 0, 0, 0, 0, 0, 0, 0, 0]

Stage 2 Max Abs Real: 17105 | Max Abs Imag: 7121
  Real: [16955, 16926, 16263, 17105, 16151, 16932, 16387, 16315, 16187, 15929, 16986, 16492, 16705, 16531, 16746, 16363, 55, 519, -275, 160, -45, 45, 39, -166, 32, -183, -140, 172, 154, 60, -138, 396, -7276, -7489, -6571, -7021, -6309, -6285, -5840, -5045, -4799, -4068, -4127, -3259, -2633, -1920, -1457, -539, -7276, -7489, -6571, -7021, -6309, -6285, -5840, -5045, -4799, -4068, -4127, -3259, -2633, -1920, -1457, -539]
  Imag: [0, 0, 0, 0, 0, 0, 0, 0, 0, 0, 0, 0, 0, 0, 0, 0, 0, 0, 0, 0, 0, 0, 0, 0, 0, 0, 0, 0, 0, 0, 0, 0, -396, -1119, -1693, -2604, -2882, -3739, -4212, -4991, -5216, -5540, -6459, -6398, -6726, -6884, -7121, -6775, 396, 1119, 1692, 2603, 2881, 3739, 4211, 4991, 5216, 5540, 6458, 6398, 6725, 6884, 7120, 6775]

Stage 3 Max Abs Real: 16798 | Max Abs Imag: 4701
  Real: [16570, 16427, 16624, 16798, 16427, 16731, 16566, 16338, 384, 499, -361, 307, -277, 201, -179, -24, 27, 259, -138, 80, -23, 22, 19, -83, 27, 259, -138, 80, -23, 22, 19, -83, -7179, -7142, -7029, -6925, -6463, -6255, -5953, -5109, -97, -348, 457, -97, 154, -30, 113, 63, -97, -348, 457, -97, 154, -30, 112, 63, -7179, -7142, -7028, -6925, -6463, -6255, -5953, -5109]
  Imag: [0, 0, 0, 0, 0, 0, 0, 0, 0, 0, 0, 0, 0, 0, 0, 0, -16, 91, 70, -86, -77, -30, 69, -198, 16, -92, -70, 86, 77, 30, -69, 198, -346, -1081, -1672, -2412, -2889, -3625, -4109, -4701, -50, -39, -22, -192, 6, -114, -103, -291, 50, 38, 21, 191, -7, 114, 103, 290, 346, 1080, 1670, 2411, 2888, 3625, 4108, 4700]

Stage 4 Max Abs Real: 16594 | Max Abs Imag: 2401
  Real: [16498, 16578, 16594, 16567, 72, -152, 29, 230, 192, 249, -181, 153, 192, 249, -181, 153, -22, 126, -38, -60, 49, 132, -100, 139, 49, 132, -100, 139, -22, 126, -38, -60, -7128, -7154, -7051, -6723, -51, 12, 21, -203, -75, -221, 159, -195, -22, -127, 298, 98, -23, -127, 297, 97, -75, -221, 159, -195, -51, 12, 22, -203, -7128, -7154, -7050, -6722]
  Imag: [0, 0, 0, 0, 0, 0, 0, 0, 138, -101, 89, 12, -139, 100, -90, -12, -28, 26, 52, -85, 11, 64, 18, -2, -12, -65, -18, 1, 27, -27, -52, 84, -272, -1019, -1596, -2401, -75, -62, -77, -12, -98, 15, -44, -70, 48, -55, 22, -122, -48, 54, -22, 121, 98, -16, 43, 70, 75, 61, 76, 11, 271, 1018, 1594, 2399]

Stage 5 Max Abs Real: 16572 | Max Abs Imag: 1032
  Real: [16545, 16572, -48, 6, 36, -76, 36, -76, 63, 183, 128, 66, 128, 66, 64, 183, -19, 19, -3, 107, 52, 38, -3, 93, -3, 93, 52, 39, -3, 107, -19, 19, -7178, -7108, 49, -46, -66, 20, 14, -8, -12, -194, -64, -27, -129, -138, 106, 11, 105, 10, -129, -138, -64, -27, -11, -194, 14, -9, -65, 20, 48, -47, -7177, -7108]
  Imag: [0, 0, 0, 0, -15, -115, 14, 115, 163, -101, -26, 0, 25, -1, -165, 100, 17, -16, -45, 41, 48, -33, -37, 96, 36, -97, -49, 32, 44, -42, -18, 14, -232, -1032, -41, 12, -41, 69, -35, -132, -128, 69, 30, -54, -69, -5, 116, -51, -117, 50, 68, 4, -30, 53, 127, -70, 33, 131, 41, -70, 41, -12, 230, 1030]

Stage 6 Max Abs Real: 16558 | Max Abs Imag: 282
  Real: [16558, -13, -24, -24, -50, 85, 85, -50, 97, -34, 51, 77, 76, 51, -34, 97, -2, -17, 8, -12, 23, 29, -14, 10, 10, -14, 28, 23, -12, 9, -18, -2, -7177, -2, 32, 16, 0, -66, -32, 45, -76, 63, -50, -15, -87, -42, 40, 65, 64, 40, -43, -87, -15, -49, 64, -75, 45, -32, -66, 1, 16, 32, -2, -7176]
  Imag: [0, 0, -3, 3, -22, 7, -8, 21, -1, 164, -44, 17, -19, 43, -165, -1, -2, 18, -79, 34, -2, 49, -85, 47, -49, 84, -50, 1, -35, 79, -18, 0, -282, 50, 1, -42, -7, -34, 36, -71, 11, -140, 39, -9, 30, -100, 80, 36, -37, -81, 99, -31, 8, -39, 139, -13, 69, -37, 34, 6, 42, -2, -50, 280]

--- STEP 3: Magnitude & Log2 Computation ---
Bin 00: Re= 16558, Im=     0 | cap_prod= 274167364 -> log2=-1.970703
Bin 01: Re= -7177, Im=  -282 | cap_prod=  51588853 -> log2=-4.379883
Bin 02: Re=    -2, Im=    -2 | cap_prod=         8 -> log2=-27.000000
Bin 03: Re=    64, Im=   -37 | cap_prod=      5465 -> log2=-17.585938
Bin 04: Re=    97, Im=    -1 | cap_prod=      9410 -> log2=-16.800781
Bin 05: Re=   -76, Im=    11 | cap_prod=      5897 -> log2=-17.476562
Bin 06: Re=    10, Im=   -49 | cap_prod=      2501 -> log2=-18.711914
Bin 07: Re=    45, Im=    69 | cap_prod=      6786 -> log2=-17.272461
Bin 08: Re=   -50, Im=   -22 | cap_prod=      2984 -> log2=-18.458984
Bin 09: Re=     0, Im=    -7 | cap_prod=        49 -> log2=-24.385742
Bin 10: Re=    23, Im=    -2 | cap_prod=       533 -> log2=-20.943359
Bin 11: Re=   -15, Im=     8 | cap_prod=       289 -> log2=-21.825195
Bin 12: Re=    76, Im=   -19 | cap_prod=      6137 -> log2=-17.416992
Bin 13: Re=   -87, Im=    30 | cap_prod=      8469 -> log2=-16.953125
Bin 14: Re=   -12, Im=   -35 | cap_prod=      1369 -> log2=-19.583008
Bin 15: Re=    16, Im=    42 | cap_prod=      2020 -> log2=-19.020508
Bin 16: Re=   -24, Im=    -3 | cap_prod=       585 -> log2=-20.808594
Bin 17: Re=    32, Im=     1 | cap_prod=      1025 -> log2=-19.999023
Bin 18: Re=     8, Im=   -79 | cap_prod=      6305 -> log2=-17.377930
Bin 19: Re=   -43, Im=    99 | cap_prod=     11650 -> log2=-16.494141
Bin 20: Re=    51, Im=   -44 | cap_prod=      4537 -> log2=-17.853516
Bin 21: Re=   -50, Im=    39 | cap_prod=      4021 -> log2=-18.027344
Bin 22: Re=    28, Im=   -50 | cap_prod=      3284 -> log2=-18.319336
Bin 23: Re=   -66, Im=    34 | cap_prod=      5512 -> log2=-17.573242
Bin 24: Re=    85, Im=    -8 | cap_prod=      7289 -> log2=-17.168945
Bin 25: Re=   -32, Im=    36 | cap_prod=      2320 -> log2=-18.820312
Bin 26: Re=   -14, Im=   -85 | cap_prod=      7421 -> log2=-17.142578
Bin 27: Re=    64, Im=   139 | cap_prod=     23417 -> log2=-15.487305
Bin 28: Re=   -34, Im=  -165 | cap_prod=     28381 -> log2=-15.208008
Bin 29: Re=    40, Im=    80 | cap_prod=      8000 -> log2=-17.035156
Bin 30: Re=   -18, Im=   -18 | cap_prod=       648 -> log2=-20.661133
Bin 31: Re=    -2, Im=   -50 | cap_prod=      2504 -> log2=-18.709961
Bin 32: Re=   -13, Im=     0 | cap_prod=       169 -> log2=-22.600586

######################################################################

======================================================================
RANK #3 | Iteration: 153 | Pearson Score: 0.990273
======================================================================

My Pipeline Bin Results (33 bins):
[-1.9560546875, -4.3662109375, -19.470703125, -18.1484375, -23.791015625, -20.9130859375, -19.1416015625, -18.4189453125, -17.3740234375, -16.1201171875, -16.2900390625, -17.2919921875, -16.9541015625, -17.583984375, -17.943359375, -16.505859375, -19.3671875, -20.5009765625, -18.0625, -19.35546875, -19.6220703125, -17.6455078125, -24.791015625, -18.556640625, -18.9970703125, -17.4423828125, -16.5439453125, -17.607421875, -17.11328125, -17.2431640625, -15.7978515625, -17.642578125, -30.0]

Original Floating-Point Reference (33 bins):
[5.023090000494262, 3.8164426905438456, -3.6780373996855316, -3.012382396836418, -5.958971169616574, -4.42672221841522, -3.637342816753857, -3.1708026718963085, -2.66521339563103, -2.0745255343984716, -2.1287630203064793, -2.6372163742623966, -2.4980337937283985, -2.7776997828185, -2.9808259631885967, -2.2534505268361413, -3.6709084687935913, -4.2312054814465005, -3.025320194314605, -3.6817004837404608, -3.7747089194002132, -2.823362533679956, -6.187338599521224, -3.3044367872753972, -3.501038921609796, -2.7195026703288514, -2.2807108015585666, -2.796018138468192, -2.5562359908340877, -2.624202946171371, -1.9018506187621405, -2.832802215449371, -11.245542488684485]

DETAILED STEP-BY-STEP TRACE LOG:
--------------------------------------------------
--- STEP 0: Raw Input vs Q1.15 Input ---
Raw Input Floats: [0.9625510744306334, 0.9766318013762084, 0.9951780514292785, 0.9714602173391362, 0.9610717268098629, 0.9107988005560894, 0.9929443905209401, 0.9941527922234489, 0.9103069039992907, 0.9864339491412752, 0.9905720386225696, 0.9254686340308166, 0.9805376522347682, 0.9291667671646455, 0.9920046294990796, 0.9937283423439829, 0.9841480591709024, 0.9445689809895456, 0.9786868094249904, 0.981250036130833, 0.9220876517847525, 0.9657196436857044, 0.9282972022909857, 0.9876665806550411, 0.9936283795707967, 0.9593940902123674, 0.9156972945927051, 0.9131371955454913, 0.9683128940358502, 0.9938865973170088, 0.9256902201532325, 0.9780663404379283, 0.9089155727638489, 0.9407919963721353, 0.9242391961093456, 0.9579463614485447, 0.9874860203343738, 0.9587185369249075, 0.9598926588627182, 0.9235359901269137, 0.962187684808382, 0.9265300097804858, 0.9572646467791756, 0.9299758464784075, 0.9843396536338207, 0.937862022974684, 0.9979708135616915, 0.9080172747692888, 0.9189877602334278, 0.9741012607732648, 0.9219492419889401, 0.9372446198014377, 0.9219764393720556, 0.9607809050690397, 0.9762254220217652, 0.972472508021796, 0.9740234370457851, 0.9396023059790455, 0.9205009497876453, 0.9234127750059729, 0.9476744083394977, 0.9425563104954517, 0.9244457535497975, 0.9981308914050788]
Q1.15 Converted : [31541, 32002, 32610, 31833, 31492, 29845, 32537, 32576, 29829, 32323, 32459, 30326, 32130, 30447, 32506, 32562, 32249, 30952, 32070, 32154, 30215, 31645, 30418, 32364, 32559, 31437, 30006, 29922, 31730, 32568, 30333, 32049, 29783, 30828, 30285, 31390, 32358, 31415, 31454, 30262, 31529, 30361, 31368, 30473, 32255, 30732, 32702, 29754, 30113, 31919, 30210, 30712, 30211, 31483, 31989, 31866, 31917, 30789, 30163, 30258, 31053, 30886, 30292, 32707]

--- STEP 1: Windowed Samples (Q1.15) ---
[2522, 2632, 2905, 3197, 3656, 4059, 5204, 6111, 6526, 8184, 9427, 10011, 11950, 12647, 14956, 16463, 17784, 18484, 20600, 22073, 22032, 24366, 24593, 27326, 28560, 28503, 27981, 28558, 30849, 32104, 30177, 32030, 29765, 30669, 29854, 30519, 30883, 29295, 28518, 26545, 26621, 24547, 24153, 22220, 22142, 19741, 19529, 16408, 15225, 14686, 12549, 11423, 9973, 9143, 8099, 6972, 5988, 4924, 4102, 3513, 3118, 2752, 2492, 2616]

--- STEP 2: FFT Stages ---
Stage 1 Max Abs Real: 17427 | Max Abs Imag: 0
  Real: [16143, 16650, 16379, 16857, 17269, 16676, 16860, 16327, 16573, 16365, 16789, 16115, 17045, 16193, 17242, 16435, 16504, 16584, 16574, 16747, 16002, 16754, 16345, 17148, 17273, 16713, 16041, 16035, 16983, 17427, 16334, 17322, -13621, -14018, -13474, -13661, -13613, -12618, -11657, -10217, -10047, -8181, -7363, -6104, -5096, -3547, -2286, 28, 1280, 1899, 4026, 5325, 6030, 7612, 8247, 10177, 11286, 11790, 11940, 12523, 13866, 14676, 13843, 14707]
  Imag: [0, 0, 0, 0, 0, 0, 0, 0, 0, 0, 0, 0, 0, 0, 0, 0, 0, 0, 0, 0, 0, 0, 0, 0, 0, 0, 0, 0, 0, 0, 0, 0, 0, 0, 0, 0, 0, 0, 0, 0, 0, 0, 0, 0, 0, 0, 0, 0, 0, 0, 0, 0, 0, 0, 0, 0, 0, 0, 0, 0, 0, 0, 0, 0]

Stage 2 Max Abs Real: 17013 | Max Abs Imag: 7354
  Real: [16323, 16616, 16476, 16801, 16635, 16714, 16602, 16737, 16922, 16538, 16414, 16074, 17013, 16809, 16787, 16878, -180, 33, -97, 55, 634, -39, 258, -410, -350, -174, 374, 40, 31, -617, 454, -443, -6811, -7009, -6737, -6831, -6807, -6309, -5829, -5109, -5024, -4091, -3682, -3052, -2548, -1774, -1143, 14, -6811, -7009, -6737, -6831, -6807, -6309, -5829, -5109, -5024, -4091, -3682, -3052, -2548, -1774, -1143, 14]
  Imag: [0, 0, 0, 0, 0, 0, 0, 0, 0, 0, 0, 0, 0, 0, 0, 0, 0, 0, 0, 0, 0, 0, 0, 0, 0, 0, 0, 0, 0, 0, 0, 0, -640, -950, -2013, -2663, -3015, -3806, -4124, -5089, -5643, -5895, -5970, -6262, -6933, -7338, -6922, -7354, 640, 949, 2013, 2662, 3015, 3806, 4123, 5088, 5643, 5895, 5970, 6261, 6933, 7338, 6921, 7353]

Stage 3 Max Abs Real: 16823 | Max Abs Imag: 5150
  Real: [16622, 16576, 16444, 16437, 16823, 16761, 16694, 16807, -299, 39, 31, 364, -189, -47, -92, -70, -90, 16, -49, 27, 317, -20, 129, -205, -90, 16, -49, 27, 317, -20, 129, -205, -7177, -7035, -6781, -6709, -6756, -6376, -5766, -5150, 366, 26, 44, -123, -52, 67, -63, 40, 366, 26, 44, -123, -52, 67, -64, 40, -7177, -7035, -6781, -6709, -6756, -6376, -5766, -5150]
  Imag: [0, 0, 0, 0, 0, 0, 0, 0, 0, 0, 0, 0, 0, 0, 0, 0, 175, 87, -187, -20, -16, 308, -227, 221, -175, -87, 187, 20, 15, -309, 227, -222, -540, -1114, -1816, -2467, -3059, -3871, -4106, -5150, -101, 163, -197, -197, 43, 64, -19, 60, 100, -164, 197, 196, -44, -65, 18, -61, 539, 1113, 1816, 2466, 3058, 3870, 4104, 5149]

Stage 4 Max Abs Real: 16722 | Max Abs Imag: 2628
  Real: [16722, 16668, 16568, 16621, -100, -92, -125, -185, -150, 19, 15, 182, -150, 19, 15, 182, 61, 109, -59, 19, -152, -94, 10, 7, -152, -94, 10, 7, 62, 110, -59, 19, -7295, -7204, -6840, -6719, 117, 168, 59, 10, 212, 30, 25, -42, 153, -4, 18, -82, 153, -5, 18, -82, 213, 30, 26, -41, 117, 168, 58, 10, -7295, -7204, -6840, -6719]
  Imag: [0, 0, 0, 0, 0, 0, 0, 0, 94, 23, 46, 35, -95, -24, -46, -35, -31, 159, -220, 140, 206, -72, 33, -160, -206, 72, -33, 160, 30, -160, 220, -140, -391, -1126, -1702, -2628, -149, 11, -114, 161, -35, 38, -66, -129, -66, 125, -131, -69, 65, -126, 131, 67, 34, -39, 66, 128, 149, -12, 115, -161, 390, 1124, 1701, 2627]

Stage 5 Max Abs Real: 16644 | Max Abs Imag: 1197
  Real: [16644, 16644, 77, 24, -50, -46, -50, -46, -54, 86, -97, -67, -97, -67, -54, 86, -39, 90, 100, 19, -63, -122, -90, 28, -90, 28, -63, -122, 100, 19, -39, 90, -7168, -7153, -127, -51, -3, 162, 120, 6, 85, -51, 126, 80, 33, 13, 120, -17, 120, -18, 33, 13, 126, 79, 86, -50, 120, 6, -4, 162, -128, -51, -7168, -7153]
  Imag: [0, 0, 0, 0, 62, 92, -63, -93, 57, -41, 36, 64, -37, -65, -58, 40, -107, 140, 75, 19, 91, -9, 114, -63, -115, 63, -92, 9, -76, -20, 106, -141, -364, -1197, -28, 71, -93, -16, -57, 26, -47, 0, 11, 38, 15, 113, -82, 11, 81, -13, -16, -113, -13, -39, 46, -1, 57, -27, 92, 15, 27, -72, 362, 1195]

Stage 6 Max Abs Real: 16643 | Max Abs Imag: 428
  Real: [16643, 0, 38, 38, -9, -42, -42, -9, 5, -59, -6, -91, -92, -6, -59, 5, 38, -78, 57, 42, -69, 6, -75, -16, -16, -75, 6, -69, 42, 58, -78, 38, -7202, 34, -26, -101, 43, -47, 66, 54, 20, 65, 61, 65, 72, -40, 70, 50, 49, 70, -40, 72, 64, 61, 65, 21, 53, 66, -48, 43, -102, -26, 34, -7202]
  Imag: [0, 0, -12, 12, 79, -18, 17, -80, -7, 64, 36, 0, -1, -37, -64, 6, 6, -113, 26, 49, 93, -2, 75, 39, -40, -76, 1, -94, -50, -27, 113, -7, -428, 63, 7, -36, -115, 22, -41, -16, -12, -36, -39, 50, 17, -2, -45, -38, 36, 44, 1, -18, -51, 38, 34, 11, 16, 41, -22, 114, 34, -8, -64, 425]

--- STEP 3: Magnitude & Log2 Computation ---
Bin 00: Re= 16643, Im=     0 | cap_prod= 276989449 -> log2=-1.956055
Bin 01: Re= -7202, Im=  -428 | cap_prod=  52051988 -> log2=-4.366211
Bin 02: Re=    38, Im=     6 | cap_prod=      1480 -> log2=-19.470703
Bin 03: Re=    49, Im=    36 | cap_prod=      3697 -> log2=-18.148438
Bin 04: Re=     5, Im=    -7 | cap_prod=        74 -> log2=-23.791016
Bin 05: Re=    20, Im=   -12 | cap_prod=       544 -> log2=-20.913086
Bin 06: Re=   -16, Im=   -40 | cap_prod=      1856 -> log2=-19.141602
Bin 07: Re=    53, Im=    16 | cap_prod=      3065 -> log2=-18.418945
Bin 08: Re=    -9, Im=    79 | cap_prod=      6322 -> log2=-17.374023
Bin 09: Re=    43, Im=  -115 | cap_prod=     15074 -> log2=-16.120117
Bin 10: Re=   -69, Im=    93 | cap_prod=     13410 -> log2=-16.290039
Bin 11: Re=    64, Im=   -51 | cap_prod=      6697 -> log2=-17.291992
Bin 12: Re=   -92, Im=    -1 | cap_prod=      8465 -> log2=-16.954102
Bin 13: Re=    72, Im=    17 | cap_prod=      5473 -> log2=-17.583984
Bin 14: Re=    42, Im=   -50 | cap_prod=      4264 -> log2=-17.943359
Bin 15: Re=  -102, Im=    34 | cap_prod=     11560 -> log2=-16.505859
Bin 16: Re=    38, Im=   -12 | cap_prod=      1588 -> log2=-19.367188
Bin 17: Re=   -26, Im=     7 | cap_prod=       725 -> log2=-20.500977
Bin 18: Re=    57, Im=    26 | cap_prod=      3925 -> log2=-18.062500
Bin 19: Re=   -40, Im=     1 | cap_prod=      1601 -> log2=-19.355469
Bin 20: Re=    -6, Im=    36 | cap_prod=      1332 -> log2=-19.622070
Bin 21: Re=    61, Im=   -39 | cap_prod=      5242 -> log2=-17.645508
Bin 22: Re=     6, Im=     1 | cap_prod=        37 -> log2=-24.791016
Bin 23: Re=   -48, Im=   -22 | cap_prod=      2788 -> log2=-18.556641
Bin 24: Re=   -42, Im=    17 | cap_prod=      2053 -> log2=-18.997070
Bin 25: Re=    66, Im=   -41 | cap_prod=      6037 -> log2=-17.442383
Bin 26: Re=   -75, Im=    75 | cap_prod=     11250 -> log2=-16.543945
Bin 27: Re=    65, Im=    34 | cap_prod=      5381 -> log2=-17.607422
Bin 28: Re=   -59, Im=   -64 | cap_prod=      7577 -> log2=-17.113281
Bin 29: Re=    70, Im=   -45 | cap_prod=      6925 -> log2=-17.243164
Bin 30: Re=   -78, Im=   113 | cap_prod=     18853 -> log2=-15.797852
Bin 31: Re=    34, Im=   -64 | cap_prod=      5252 -> log2=-17.642578
Bin 32: Re=     0, Im=     0 | cap_prod=         0 (CLAMPED TO 1) -> log2=-30.000000

######################################################################

======================================================================
RANK #4 | Iteration: 532 | Pearson Score: 0.993859
======================================================================

My Pipeline Bin Results (33 bins):
[-1.9638671875, -4.380859375, -22.7421875, -16.560546875, -18.5830078125, -30.0, -17.80859375, -17.111328125, -16.1845703125, -15.328125, -16.7255859375, -21.474609375, -17.8662109375, -19.4912109375, -18.56640625, -18.2958984375, -18.1669921875, -20.5107421875, -16.71484375, -15.5078125, -17.2900390625, -16.2548828125, -17.642578125, -18.7001953125, -18.0478515625, -18.1669921875, -20.1103515625, -18.0224609375, -18.140625, -20.9541015625, -17.806640625, -16.6689453125, -16.4384765625]

Original Floating-Point Reference (33 bins):
[5.019269137279045, 3.8093596765984943, -5.356118363053389, -2.241553366955849, -3.3008461362577313, -7.404028949279612, -2.906773111307858, -2.5426063304298636, -2.095133386127013, -1.6627754597048596, -2.362169358097135, -4.660908810121907, -2.9376528388559646, -3.6854985037956323, -3.3262400221233097, -3.1442732930170956, -3.0712554497826146, -4.241915495346069, -2.3416955682734746, -1.7599010531379442, -2.6462307381868944, -2.1257480473817405, -2.829195627460399, -3.311770840402402, -3.011222068832339, -3.0909865778552303, -4.011084826072455, -3.0426647081770963, -3.064547829196666, -4.417912717146076, -2.9149124073104424, -2.32685947805254, -2.2163803931510744]

DETAILED STEP-BY-STEP TRACE LOG:
--------------------------------------------------
--- STEP 0: Raw Input vs Q1.15 Input ---
Raw Input Floats: [0.9674048520946711, 0.9641981173275644, 0.9060103938762601, 0.9654549310663064, 0.9738591961444639, 0.9115385042267229, 0.9415412387149463, 0.996643602642279, 0.902836593614835, 0.9149343241420302, 0.9840758133527919, 0.9692043741609465, 0.9140604772046927, 0.9389746275903663, 0.9470686538582128, 0.9833121429028836, 0.9885713691689265, 0.9588708567536994, 0.9864683589062718, 0.932132748493046, 0.9972296027535101, 0.985137880908249, 0.9628460439213128, 0.9030998875655409, 0.9807310285237234, 0.9098695457566867, 0.9033998314442125, 0.9617486652263048, 0.9988738416363226, 0.9294298089840137, 0.9533246425845823, 0.9295103181658533, 0.9047878709290667, 0.908924063818586, 0.9738974340410104, 0.9254475945391027, 0.9849758940615725, 0.9768960721559722, 0.9497092669004774, 0.9432526500153869, 0.9116465737684285, 0.9581231148353395, 0.9513220759648746, 0.9644813368186699, 0.9913993480692237, 0.9478166624444496, 0.9213571631427142, 0.9279106760775512, 0.9873035854088169, 0.9977491081349565, 0.9489978873501044, 0.9313440763335133, 0.9995185369995759, 0.9106817208771448, 0.9190950279490764, 0.9866590125733969, 0.9018032148501955, 0.9741609696478986, 0.9893536746135283, 0.9799854043160466, 0.9517663538560714, 0.947016345900154, 0.9831776922855713, 0.9854661002079014]
Q1.15 Converted : [31700, 31595, 29688, 31636, 31911, 29869, 30852, 32658, 29584, 29981, 32246, 31759, 29952, 30768, 31034, 32221, 32394, 31420, 32325, 30544, 32677, 32281, 31551, 29593, 32137, 29815, 29603, 31515, 32731, 30456, 31239, 30458, 29648, 29784, 31913, 30325, 32276, 32011, 31120, 30909, 29873, 31396, 31173, 31604, 32486, 31058, 30191, 30406, 32352, 32694, 31097, 30518, 32752, 29841, 30117, 32331, 29550, 31921, 32419, 32112, 31187, 31032, 32217, 32292]

--- STEP 1: Windowed Samples (Q1.15) ---
[2535, 2599, 2645, 3177, 3705, 4062, 4934, 6127, 6473, 7591, 9365, 10484, 11140, 12781, 14279, 16291, 17864, 18763, 20764, 20968, 23827, 24856, 25510, 24987, 28190, 27032, 27605, 30079, 31823, 30022, 31078, 30440, 29630, 29631, 31459, 29483, 30805, 29851, 28215, 27113, 25223, 25384, 24002, 23045, 22301, 19950, 18030, 16768, 16357, 15042, 12917, 11351, 10812, 8666, 7625, 7074, 5544, 5105, 4409, 3728, 3132, 2765, 2650, 2582]

--- STEP 2: FFT Stages ---
Stage 1 Max Abs Real: 17477 | Max Abs Imag: 0
  Real: [16082, 16114, 17051, 16329, 17254, 16956, 16574, 16619, 15847, 16487, 16683, 16764, 16720, 16365, 16154, 16529, 17110, 16902, 16840, 16159, 17319, 16760, 16567, 16030, 16866, 16068, 16006, 16903, 17477, 16393, 16863, 16510, -13547, -13516, -14407, -13153, -13550, -12894, -11640, -10493, -9375, -8896, -7318, -6280, -5580, -3584, -1875, -238, 754, 1861, 3924, 4809, 6508, 8095, 8943, 8957, 11323, 10964, 11598, 13176, 14346, 13629, 14214, 13929]
  Imag: [0, 0, 0, 0, 0, 0, 0, 0, 0, 0, 0, 0, 0, 0, 0, 0, 0, 0, 0, 0, 0, 0, 0, 0, 0, 0, 0, 0, 0, 0, 0, 0, 0, 0, 0, 0, 0, 0, 0, 0, 0, 0, 0, 0, 0, 0, 0, 0, 0, 0, 0, 0, 0, 0, 0, 0, 0, 0, 0, 0, 0, 0, 0, 0]

Stage 2 Max Abs Real: 17286 | Max Abs Imag: 7173
  Real: [16595, 16507, 16945, 16243, 17286, 16857, 16570, 16324, 16356, 16277, 16344, 16833, 17098, 16378, 16508, 16519, -514, -394, 106, 85, -32, 98, 4, 295, -509, 210, 339, -69, -378, -14, -354, 10, -6774, -6758, -7204, -6577, -6775, -6447, -5820, -5247, -4688, -4448, -3659, -3140, -2790, -1792, -938, -119, -6774, -6758, -7204, -6577, -6775, -6447, -5820, -5247, -4688, -4448, -3659, -3140, -2790, -1792, -938, -119]
  Imag: [0, 0, 0, 0, 0, 0, 0, 0, 0, 0, 0, 0, 0, 0, 0, 0, 0, 0, 0, 0, 0, 0, 0, 0, 0, 0, 0, 0, 0, 0, 0, 0, -377, -931, -1962, -2405, -3254, -4048, -4472, -4479, -5662, -5482, -5799, -6588, -7173, -6815, -7107, -6965, 377, 930, 1962, 2404, 3254, 4047, 4471, 4478, 5661, 5482, 5799, 6588, 7173, 6814, 7107, 6964]

Stage 3 Max Abs Real: 17191 | Max Abs Imag: 4660
  Real: [16475, 16391, 16644, 16537, 17191, 16617, 16538, 16421, 120, 115, 301, -295, 94, 240, 31, -97, -257, -197, 53, 42, -16, 49, 2, 147, -257, -197, 53, 42, -16, 49, 2, 147, -7046, -6890, -6946, -6728, -6910, -6267, -5755, -5128, 272, 132, -258, 151, 134, -181, -66, -119, 271, 132, -258, 151, 134, -181, -66, -119, -7046, -6890, -6946, -6728, -6910, -6267, -5755, -5128]
  Imag: [0, 0, 0, 0, 0, 0, 0, 0, 0, 0, 0, 0, 0, 0, 0, 0, 254, -105, -170, 34, 189, 7, 177, -5, -255, 105, 169, -35, -189, -7, -177, 5, -534, -832, -1738, -2422, -3177, -3800, -4418, -4660, 156, -100, -224, 17, -77, -248, -55, 181, -156, 99, 224, -18, 77, 247, 54, -182, 533, 831, 1738, 2421, 3177, 3799, 4417, 4659]

Stage 4 Max Abs Real: 16832 | Max Abs Imag: 2383
  Real: [16832, 16503, 16590, 16478, -358, -113, 53, 58, 60, 57, 150, -148, 60, 57, 150, -148, -68, -79, 90, 71, -190, -118, -37, -29, -190, -118, -37, -29, -68, -79, 90, 71, -7323, -7068, -6977, -6625, 277, 177, 30, -104, 74, -14, -142, 182, 197, 146, -117, -31, 197, 145, -117, -32, 74, -14, -141, 182, 277, 177, 30, -104, -7323, -7067, -6977, -6624]
  Imag: [0, 0, 0, 0, 0, 0, 0, 0, -47, -120, -16, 48, 47, 120, 15, -49, 199, -68, -24, -37, 55, -37, -147, 71, -56, 37, 146, -72, -200, 68, 23, 36, -413, -973, -1809, -2383, -121, 140, 71, -39, 30, 80, -72, 28, 125, -181, -153, -11, -126, 180, 152, 10, -31, -81, 72, -29, 120, -141, -71, 39, 412, 971, 1808, 2382]

Stage 5 Max Abs Real: 16710 | Max Abs Imag: 1010
  Real: [16710, 16490, 121, 13, -179, -57, -179, -57, 77, -7, -18, 64, -18, 63, 78, -7, 3, -14, -71, -65, -156, -21, -35, -98, -35, -98, -155, -20, -72, -66, 3, -14, -7259, -7015, -64, -53, 170, 79, 106, 97, -32, 55, 106, -70, 104, 82, 92, 63, 92, 62, 105, 83, 106, -70, -32, 56, 106, 97, 170, 79, -64, -53, -7259, -7014]
  Imag: [0, 0, 0, 0, -27, -29, 26, 29, -83, 8, 36, -129, -36, 129, 82, -9, 70, -66, 128, -3, 72, -20, -18, -18, 16, 17, -73, 19, -129, 3, -72, 65, -414, -1010, 0, 36, -83, 124, -39, 15, 53, -29, -24, 108, 158, -78, -34, -104, 32, 102, -159, 77, 22, -109, -54, 27, 38, -16, 82, -125, -1, -37, 412, 1008]

Stage 6 Max Abs Real: 16599 | Max Abs Imag: 367
  Real: [16599, 110, 60, 60, -120, -59, -59, -120, 37, 40, -81, 63, 63, -81, 40, 37, -12, 14, -31, -41, -92, -64, 18, -53, -54, 18, -64, -91, -41, -31, 14, -12, -7170, -89, -12, -53, 158, 12, 20, 85, 1, -34, 117, -11, 26, 77, 0, 91, 90, 1, 77, 28, -12, 117, -35, 2, 85, 21, 11, 158, -53, -11, -90, -7169]
  Imag: [0, 0, -7, 6, -4, -23, 22, 3, -37, -46, 12, 23, -23, -13, 46, 36, 3, 66, 95, 32, 38, 33, 25, -43, 42, -26, -34, -39, -33, -97, -67, -5, -367, -48, 24, -24, -34, -50, -57, 17, 0, 52, -7, -17, 28, 130, 23, -57, 55, -24, -131, -28, 15, 6, -53, -2, -19, 56, 49, 32, 23, -25, 47, 364]

--- STEP 3: Magnitude & Log2 Computation ---
Bin 00: Re= 16599, Im=     0 | cap_prod= 275526801 -> log2=-1.963867
Bin 01: Re= -7170, Im=  -367 | cap_prod=  51543589 -> log2=-4.380859
Bin 02: Re=   -12, Im=     3 | cap_prod=       153 -> log2=-22.742188
Bin 03: Re=    90, Im=    55 | cap_prod=     11125 -> log2=-16.560547
Bin 04: Re=    37, Im=   -37 | cap_prod=      2738 -> log2=-18.583008
Bin 05: Re=     1, Im=     0 | cap_prod=         1 -> log2=-30.000000
Bin 06: Re=   -54, Im=    42 | cap_prod=      4680 -> log2=-17.808594
Bin 07: Re=    85, Im=   -19 | cap_prod=      7586 -> log2=-17.111328
Bin 08: Re=  -120, Im=    -4 | cap_prod=     14416 -> log2=-16.184570
Bin 09: Re=   158, Im=   -34 | cap_prod=     26120 -> log2=-15.328125
Bin 10: Re=   -92, Im=    38 | cap_prod=      9908 -> log2=-16.725586
Bin 11: Re=   -12, Im=    15 | cap_prod=       369 -> log2=-21.474609
Bin 12: Re=    63, Im=   -23 | cap_prod=      4498 -> log2=-17.866211
Bin 13: Re=    26, Im=    28 | cap_prod=      1460 -> log2=-19.491211
Bin 14: Re=   -41, Im=   -33 | cap_prod=      2770 -> log2=-18.566406
Bin 15: Re=   -53, Im=    23 | cap_prod=      3338 -> log2=-18.295898
Bin 16: Re=    60, Im=    -7 | cap_prod=      3649 -> log2=-18.166992
Bin 17: Re=   -12, Im=    24 | cap_prod=       720 -> log2=-20.510742
Bin 18: Re=   -31, Im=    95 | cap_prod=      9986 -> log2=-16.714844
Bin 19: Re=    77, Im=  -131 | cap_prod=     23090 -> log2=-15.507812
Bin 20: Re=   -81, Im=    12 | cap_prod=      6705 -> log2=-17.290039
Bin 21: Re=   117, Im=    -7 | cap_prod=     13738 -> log2=-16.254883
Bin 22: Re=   -64, Im=   -34 | cap_prod=      5252 -> log2=-17.642578
Bin 23: Re=    11, Im=    49 | cap_prod=      2522 -> log2=-18.700195
Bin 24: Re=   -59, Im=    22 | cap_prod=      3965 -> log2=-18.047852
Bin 25: Re=    20, Im=   -57 | cap_prod=      3649 -> log2=-18.166992
Bin 26: Re=    18, Im=    25 | cap_prod=       949 -> log2=-20.110352
Bin 27: Re=   -35, Im=   -53 | cap_prod=      4034 -> log2=-18.022461
Bin 28: Re=    40, Im=    46 | cap_prod=      3716 -> log2=-18.140625
Bin 29: Re=     0, Im=    23 | cap_prod=       529 -> log2=-20.954102
Bin 30: Re=    14, Im=   -67 | cap_prod=      4685 -> log2=-17.806641
Bin 31: Re=   -90, Im=    47 | cap_prod=     10309 -> log2=-16.668945
Bin 32: Re=   110, Im=     0 | cap_prod=     12100 -> log2=-16.438477

######################################################################

======================================================================
RANK #5 | Iteration: 168 | Pearson Score: 0.994583
======================================================================

My Pipeline Bin Results (33 bins):
[-1.9580078125, -4.3642578125, -25.9130859375, -15.6455078125, -15.029296875, -15.5830078125, -16.712890625, -23.400390625, -17.2236328125, -17.8046875, -16.291015625, -16.55859375, -19.2822265625, -17.857421875, -19.73046875, -19.9130859375, -19.951171875, -17.8681640625, -19.83984375, -17.8427734375, -20.8671875, -18.04296875, -19.083984375, -19.138671875, -23.1796875, -18.1201171875, -18.14453125, -19.517578125, -19.3857421875, -19.7470703125, -19.9033203125, -20.0546875, -19.2158203125]

Original Floating-Point Reference (33 bins):
[5.022180599016259, 3.8174847784925614, -8.361246051740293, -1.8097780118476696, -1.5086413898826962, -1.7968371385237776, -2.33407657663615, -5.4669707336963995, -2.6342782987403353, -2.8843045603442774, -2.150127656318934, -2.2827245668215865, -3.6178247757647983, -2.953179058270053, -3.8327789286781093, -3.913396159417432, -3.956626892949085, -2.9500174074874503, -3.9343092469534175, -2.9189877679423226, -4.3977505330900755, -3.028658869032294, -3.570866430679154, -3.582640431586658, -5.639863186234139, -3.0438749596924253, -3.0621273519477263, -3.8036463633376907, -3.699865178425704, -3.8707910547156477, -3.994626599500935, -4.022574698129548, -3.603626654549522]

DETAILED STEP-BY-STEP TRACE LOG:
--------------------------------------------------
--- STEP 0: Raw Input vs Q1.15 Input ---
Raw Input Floats: [0.964842156829645, 0.918840532686504, 0.9276565883820642, 0.9221245928914186, 0.9334672622398447, 0.9281144488927268, 0.9080593272804247, 0.9716076096507069, 0.9870999490776626, 0.9960891464418908, 0.9348828043408757, 0.9549850600166866, 0.9675082604609027, 0.9557334269267552, 0.9023521047502857, 0.9796928202442883, 0.9662610322440321, 0.9530228703447893, 0.9514433326037899, 0.954927340497796, 0.9496787148456061, 0.9642388954746165, 0.9546318983670511, 0.9176654478591308, 0.9427477357345598, 0.9640802855904773, 0.9948063524304245, 0.9938785511935534, 0.9688491849416514, 0.9431231196733378, 0.9096931244613436, 0.963269916013464, 0.9363084575103446, 0.9362836982257879, 0.9218009650062255, 0.9139466787794669, 0.9144456181359593, 0.914943232133013, 0.9520338293210476, 0.9992027907469399, 0.9834103034624102, 0.9898453394510498, 0.9911435163800428, 0.9939136519223837, 0.9479867227574158, 0.9638528346954163, 0.987794596808579, 0.911716536560244, 0.9323389708034687, 0.9431041567469385, 0.9294976152965282, 0.989754368450329, 0.9519207575139237, 0.9142258454975876, 0.9749065152996549, 0.9217213185660901, 0.9855690839141226, 0.9765787136638867, 0.9674366259551569, 0.9800083616078219, 0.9322482318066689, 0.9723967458577432, 0.9385742034637717, 0.906975012150719]
Q1.15 Converted : [31616, 30109, 30397, 30216, 30588, 30412, 29755, 31838, 32345, 32640, 30634, 31293, 31703, 31317, 29568, 32103, 31662, 31229, 31177, 31291, 31119, 31596, 31281, 30070, 30892, 31591, 32598, 32567, 31747, 30904, 29809, 31564, 30681, 30680, 30206, 29948, 29965, 29981, 31196, 32742, 32224, 32435, 32478, 32569, 31064, 31584, 32368, 29875, 30551, 30904, 30458, 32432, 31193, 29957, 31946, 30203, 32295, 32001, 31701, 32113, 30548, 31863, 30755, 29720]

--- STEP 1: Windowed Samples (Q1.15) ---
[2528, 2477, 2708, 3034, 3551, 4136, 4759, 5973, 7077, 8264, 8897, 10331, 11791, 13009, 13604, 16231, 17461, 18649, 20026, 21481, 22691, 24328, 25291, 25389, 27098, 28642, 30398, 31083, 30866, 30464, 29656, 31545, 30663, 30522, 29776, 29117, 28599, 27958, 28284, 28721, 27208, 26224, 25007, 23748, 21325, 20288, 19330, 16475, 15447, 14219, 12652, 12063, 10298, 8700, 8088, 6608, 6059, 5118, 4311, 3728, 3068, 2839, 2530, 2377]

--- STEP 2: FFT Stages ---
Stage 1 Max Abs Real: 17405 | Max Abs Imag: 0
  Real: [16595, 16499, 16241, 16075, 16074, 16046, 16521, 17346, 17142, 17243, 16951, 17039, 16557, 16648, 16466, 16352, 16453, 16433, 16338, 16771, 16494, 16513, 16689, 15998, 16578, 16879, 17354, 17405, 16966, 16651, 16092, 16960, -14067, -14022, -13534, -13041, -12524, -11911, -11762, -11374, -10065, -8980, -8055, -6708, -4767, -3639, -2863, -122, 1007, 2215, 3687, 4709, 6197, 7814, 8602, 9391, 10520, 11762, 13044, 13678, 13899, 13813, 13563, 14584]
  Imag: [0, 0, 0, 0, 0, 0, 0, 0, 0, 0, 0, 0, 0, 0, 0, 0, 0, 0, 0, 0, 0, 0, 0, 0, 0, 0, 0, 0, 0, 0, 0, 0, 0, 0, 0, 0, 0, 0, 0, 0, 0, 0, 0, 0, 0, 0, 0, 0, 0, 0, 0, 0, 0, 0, 0, 0, 0, 0, 0, 0, 0, 0, 0, 0]

Stage 2 Max Abs Real: 17221 | Max Abs Imag: 7292
  Real: [16523, 16465, 16289, 16422, 16283, 16279, 16604, 16671, 16859, 17060, 17152, 17221, 16761, 16649, 16278, 16655, 71, 33, -48, -348, -210, -233, -84, 674, 282, 182, -201, -183, -204, -1, 187, -304, -7034, -7011, -6767, -6521, -6262, -5956, -5881, -5687, -5033, -4490, -4028, -3354, -2384, -1820, -1432, -61, -7034, -7011, -6767, -6521, -6262, -5956, -5881, -5687, -5033, -4490, -4028, -3354, -2384, -1820, -1432, -61]
  Imag: [0, 0, 0, 0, 0, 0, 0, 0, 0, 0, 0, 0, 0, 0, 0, 0, 0, 0, 0, 0, 0, 0, 0, 0, 0, 0, 0, 0, 0, 0, 0, 0, -504, -1108, -1844, -2355, -3099, -3907, -4301, -4696, -5260, -5881, -6522, -6839, -6950, -6907, -6782, -7292, 503, 1107, 1843, 2354, 3098, 3907, 4301, 4695, 5260, 5881, 6522, 6839, 6949, 6906, 6781, 7292]

Stage 3 Max Abs Real: 16821 | Max Abs Imag: 4905
  Real: [16690, 16762, 16720, 16821, 16521, 16463, 16440, 16662, -168, -297, -431, -399, -239, -185, 163, 8, 35, 16, -24, -174, -105, -117, -42, 337, 35, 16, -24, -174, -105, -117, -42, 337, -7156, -7172, -7114, -6864, -6431, -6063, -5845, -5444, 122, 161, 346, 343, 169, 107, -37, -244, 122, 161, 346, 343, 168, 107, -37, -244, -7156, -7172, -7114, -6864, -6431, -6063, -5844, -5444]
  Imag: [0, 0, 0, 0, 0, 0, 0, 0, 0, 0, 0, 0, 0, 0, 0, 0, -141, -91, 100, 91, 102, 0, -94, 152, 141, 91, -101, -92, -102, -1, 93, -152, -333, -1047, -1804, -2410, -3165, -3753, -4043, -4905, -171, -62, -40, 55, 65, -155, -259, 209, 170, 61, 39, -56, -66, 154, 259, -210, 332, 1046, 1803, 2409, 3163, 3752, 4042, 4904]

Stage 4 Max Abs Real: 16741 | Max Abs Imag: 2430
  Real: [16605, 16612, 16579, 16741, 85, 150, 140, 80, -84, -149, -216, -200, -84, -149, -216, -200, 16, -34, -60, 86, 18, 49, 36, -260, 18, 49, 35, -260, 16, -33, -60, 86, -7155, -7105, -7031, -6886, -2, -67, -83, 21, 59, -12, 60, 315, 63, 172, 285, 28, 63, 172, 285, 27, 59, -11, 60, 315, -2, -68, -84, 21, -7154, -7105, -7030, -6885]
  Imag: [0, 0, 0, 0, 0, 0, 0, 0, 119, 92, -82, -4, -120, -93, 81, 4, 2, -5, 31, -21, -144, -87, 69, 111, 143, 86, -69, -112, -3, 4, -32, 20, -399, -1098, -1652, -2430, 65, 50, -152, 19, -177, -51, 46, 100, 5, -11, -87, -45, -6, 10, 86, 44, 176, 51, -47, -100, -65, -51, 152, -20, 397, 1096, 1651, 2428]

Stage 5 Max Abs Real: 16676 | Max Abs Imag: 1070
  Real: [16591, 16676, 13, -64, 42, 75, 42, 75, -147, -147, 63, -3, 63, -3, -147, -147, -14, 18, 30, -53, 34, 125, -16, -77, -16, -77, 34, 126, 29, -53, -14, 19, -7187, -7167, 31, 61, -68, -27, 65, -41, 65, 123, -7, -136, -111, 61, 174, 110, 173, 109, -111, 62, -7, -135, 66, 124, 65, -42, -68, -27, 31, 60, -7186, -7166]
  Imag: [0, 0, 0, 0, -70, -40, 70, 40, 106, 115, 12, -23, -13, 22, -107, -116, 26, -29, -24, 24, -103, 55, -42, -142, 41, 141, 101, -56, 24, -24, -27, 28, -325, -1070, -75, -29, 87, 12, -23, 37, -101, -129, -76, 78, -41, 5, 46, -16, -47, 15, 41, -5, 76, -78, 100, 129, 23, -38, -88, -13, 74, 28, 323, 1067]

Stage 6 Max Abs Real: 16633 | Max Abs Imag: 344
  Real: [16633, -42, 6, 6, 33, 8, 8, 33, -119, -28, 21, 41, 41, 22, -28, -119, -1, -13, 32, -2, 74, -41, -15, -1, -1, -15, -42, 75, -3, 31, -14, -1, -7212, 25, -2, 32, -38, -30, 60, 5, 56, 8, 63, -70, -45, -67, 32, 142, 141, 32, -67, -45, -70, 62, 8, 57, 4, 61, -31, -38, 32, -1, 25, -7211]
  Imag: [0, 0, 32, -32, -77, 6, -7, 76, 134, -28, 11, 1, -2, -12, 28, -135, -4, 29, 11, -35, -89, -15, 59, -101, 100, -59, 13, 87, 35, -11, -30, 2, -344, 19, -67, -8, 57, 30, -13, -10, -137, 35, 3, -79, -50, 8, 14, 31, -33, -15, -9, 50, 79, -3, -37, 136, 9, 13, -30, -58, 8, 66, -19, 341]

--- STEP 3: Magnitude & Log2 Computation ---
Bin 00: Re= 16633, Im=     0 | cap_prod= 276656689 -> log2=-1.958008
Bin 01: Re= -7212, Im=  -344 | cap_prod=  52131280 -> log2=-4.364258
Bin 02: Re=    -1, Im=    -4 | cap_prod=        17 -> log2=-25.913086
Bin 03: Re=   141, Im=   -33 | cap_prod=     20970 -> log2=-15.645508
Bin 04: Re=  -119, Im=   134 | cap_prod=     32117 -> log2=-15.029297
Bin 05: Re=    56, Im=  -137 | cap_prod=     21905 -> log2=-15.583008
Bin 06: Re=    -1, Im=   100 | cap_prod=     10001 -> log2=-16.712891
Bin 07: Re=     4, Im=     9 | cap_prod=        97 -> log2=-23.400391
Bin 08: Re=    33, Im=   -77 | cap_prod=      7018 -> log2=-17.223633
Bin 09: Re=   -38, Im=    57 | cap_prod=      4693 -> log2=-17.804688
Bin 10: Re=    74, Im=   -89 | cap_prod=     13397 -> log2=-16.291016
Bin 11: Re=   -70, Im=    79 | cap_prod=     11141 -> log2=-16.558594
Bin 12: Re=    41, Im=    -2 | cap_prod=      1685 -> log2=-19.282227
Bin 13: Re=   -45, Im=   -50 | cap_prod=      4525 -> log2=-17.857422
Bin 14: Re=    -3, Im=    35 | cap_prod=      1234 -> log2=-19.730469
Bin 15: Re=    32, Im=     8 | cap_prod=      1088 -> log2=-19.913086
Bin 16: Re=     6, Im=    32 | cap_prod=      1060 -> log2=-19.951172
Bin 17: Re=    -2, Im=   -67 | cap_prod=      4493 -> log2=-17.868164
Bin 18: Re=    32, Im=    11 | cap_prod=      1145 -> log2=-19.839844
Bin 19: Re=   -67, Im=    -9 | cap_prod=      4570 -> log2=-17.842773
Bin 20: Re=    21, Im=    11 | cap_prod=       562 -> log2=-20.867188
Bin 21: Re=    63, Im=     3 | cap_prod=      3978 -> log2=-18.042969
Bin 22: Re=   -42, Im=    13 | cap_prod=      1933 -> log2=-19.083984
Bin 23: Re=   -31, Im=   -30 | cap_prod=      1861 -> log2=-19.138672
Bin 24: Re=     8, Im=    -7 | cap_prod=       113 -> log2=-23.179688
Bin 25: Re=    60, Im=   -13 | cap_prod=      3769 -> log2=-18.120117
Bin 26: Re=   -15, Im=    59 | cap_prod=      3706 -> log2=-18.144531
Bin 27: Re=     8, Im=   -37 | cap_prod=      1433 -> log2=-19.517578
Bin 28: Re=   -28, Im=    28 | cap_prod=      1568 -> log2=-19.385742
Bin 29: Re=    32, Im=    14 | cap_prod=      1220 -> log2=-19.747070
Bin 30: Re=   -14, Im=   -30 | cap_prod=      1096 -> log2=-19.903320
Bin 31: Re=    25, Im=   -19 | cap_prod=       986 -> log2=-20.054688
Bin 32: Re=   -42, Im=     0 | cap_prod=      1764 -> log2=-19.215820

######################################################################

======================================================================
RANK #6 | Iteration: 723 | Pearson Score: 0.994703
======================================================================

My Pipeline Bin Results (33 bins):
[-1.9873046875, -4.392578125, -16.099609375, -20.203125, -18.396484375, -20.4375, -19.57421875, -27.0, -19.4912109375, -17.2998046875, -15.791015625, -15.4853515625, -16.2861328125, -17.66015625, -22.3212890625, -24.0, -18.62109375, -17.341796875, -16.580078125, -18.3515625, -18.755859375, -17.830078125, -18.4609375, -15.912109375, -19.3525390625, -19.083984375, -17.966796875, -21.2998046875, -16.732421875, -17.5048828125, -17.724609375, -19.388671875, -15.48828125]

Original Floating-Point Reference (33 bins):
[5.007215362222041, 3.803739470546774, -2.0507361648907647, -4.100903342151923, -3.2279804514933113, -4.139997753668028, -3.7058807156342803, -9.002427714620397, -3.7562755260325553, -2.654395163440976, -1.8869268449322918, -1.7459212012887833, -2.1419902232201085, -2.8193653425657548, -5.169436372672216, -6.263177576077981, -3.3125950673092657, -2.6549111615770755, -2.2847300686711614, -3.1942321856595597, -3.370095219385334, -2.922669053240181, -3.241513016721829, -1.9424028659987858, -3.688972538109538, -3.576662726130607, -2.973337950041387, -4.672037541511082, -2.349342663514526, -2.7517547198825283, -2.858594087494826, -3.6823110546997246, -1.7445694174244781]

DETAILED STEP-BY-STEP TRACE LOG:
--------------------------------------------------
--- STEP 0: Raw Input vs Q1.15 Input ---
Raw Input Floats: [0.9069843398468244, 0.9178924305185303, 0.9893115835586188, 0.99513887154419, 0.9442373036727619, 0.9889382248401369, 0.9545252684043014, 0.9636496502306628, 0.9747566806238289, 0.9090524403377493, 0.9906297521682532, 0.9787111489866035, 0.9143326900454505, 0.9147809995435342, 0.964553604367109, 0.913227480633389, 0.9281547690787142, 0.9144619412394395, 0.985685175048499, 0.9300152640306482, 0.9292052393064338, 0.9027045930647515, 0.9872506383223377, 0.9065747995236557, 0.9657466806873826, 0.9596685672105414, 0.9042113944238686, 0.9004991846325631, 0.9098106568681924, 0.9854049933250351, 0.9763527937291564, 0.9381828738054777, 0.9416269804864751, 0.9215180573854136, 0.9344610786243143, 0.9812429122299977, 0.9927975160409851, 0.9271876032241394, 0.9570198819114474, 0.9159754882435476, 0.9427799975295053, 0.9556505063522736, 0.9559483753070976, 0.9165740917986518, 0.9630378170187108, 0.9225131109039053, 0.926875435152446, 0.965797845927862, 0.907799913572293, 0.9350485118377635, 0.9876852070842123, 0.9028338642288687, 0.9955510330557856, 0.937244681701175, 0.9942603684071782, 0.9174116496365271, 0.9524835151440364, 0.9120688616460264, 0.9470987733476967, 0.9296122155527596, 0.9827146885427676, 0.9587443276297498, 0.9015156867263329, 0.9753792227463174]
Q1.15 Converted : [29720, 30077, 32418, 32609, 30941, 32406, 31278, 31577, 31941, 29788, 32461, 32070, 29961, 29976, 31606, 29925, 30414, 29965, 32299, 30475, 30448, 29580, 32350, 29707, 31646, 31446, 29629, 29508, 29813, 32290, 31993, 30742, 30855, 30196, 30620, 32153, 32532, 30382, 31360, 30015, 30893, 31315, 31325, 30034, 31557, 30229, 30372, 31647, 29747, 30640, 32364, 29584, 32622, 30712, 32580, 30062, 31211, 29887, 31035, 30462, 32202, 31416, 29541, 31961]

--- STEP 1: Windowed Samples (Q1.15) ---
[2377, 2474, 2888, 3275, 3592, 4407, 5002, 5924, 6989, 7542, 9427, 10587, 11143, 12452, 14542, 15130, 16772, 17895, 20747, 20920, 22202, 22776, 26156, 25083, 27759, 28511, 27629, 28163, 28985, 31830, 31828, 30724, 30837, 30041, 30184, 31261, 31049, 28331, 28433, 26329, 26084, 25319, 24119, 21900, 21663, 19418, 18138, 17452, 15040, 14097, 13444, 11003, 10769, 8919, 8249, 6577, 5855, 4780, 4221, 3537, 3234, 2799, 2430, 2556]

--- STEP 2: FFT Stages ---
Stage 1 Max Abs Real: 17320 | Max Abs Imag: 0
  Real: [16606, 16257, 16535, 17267, 17320, 16368, 16717, 16126, 16536, 16430, 16772, 16243, 16402, 15934, 16339, 16290, 15905, 15995, 17095, 15961, 16485, 15847, 17202, 15829, 16806, 16645, 15924, 15849, 16109, 17314, 17128, 16639, -14230, -13783, -13648, -13993, -13728, -11962, -11715, -10202, -9547, -8888, -7346, -5656, -5260, -3483, -1798, -1161, 866, 1899, 3652, 4959, 5717, 6929, 8954, 9253, 10952, 11866, 11704, 12313, 12876, 14516, 14699, 14084]
  Imag: [0, 0, 0, 0, 0, 0, 0, 0, 0, 0, 0, 0, 0, 0, 0, 0, 0, 0, 0, 0, 0, 0, 0, 0, 0, 0, 0, 0, 0, 0, 0, 0, 0, 0, 0, 0, 0, 0, 0, 0, 0, 0, 0, 0, 0, 0, 0, 0, 0, 0, 0, 0, 0, 0, 0, 0, 0, 0, 0, 0, 0, 0, 0, 0]

Stage 2 Max Abs Real: 16959 | Max Abs Imag: 7350
  Real: [16255, 16125, 16814, 16613, 16902, 16107, 16959, 15977, 16670, 16537, 16347, 16045, 16255, 16623, 16733, 16464, 351, 131, -280, 653, 418, 261, -242, 149, -135, -107, 424, 197, 147, -690, -394, -174, -7115, -6892, -6824, -6997, -6864, -5981, -5858, -5101, -4774, -4444, -3673, -2828, -2630, -1742, -899, -581, -7115, -6892, -6824, -6997, -6864, -5981, -5858, -5101, -4774, -4444, -3673, -2828, -2630, -1742, -899, -581]
  Imag: [0, 0, 0, 0, 0, 0, 0, 0, 0, 0, 0, 0, 0, 0, 0, 0, 0, 0, 0, 0, 0, 0, 0, 0, 0, 0, 0, 0, 0, 0, 0, 0, -433, -950, -1826, -2480, -2859, -3465, -4477, -4627, -5476, -5933, -5852, -6157, -6438, -7258, -7350, -7042, 433, 949, 1826, 2479, 2858, 3464, 4477, 4626, 5476, 5933, 5852, 6156, 6438, 7258, 7349, 7042]

Stage 3 Max Abs Real: 16845 | Max Abs Imag: 4599
  Real: [16462, 16330, 16580, 16328, 16578, 16364, 16845, 16220, -207, -206, 234, 284, 324, -258, 113, -243, 175, 65, -140, 326, 209, 130, -121, 74, 175, 65, -140, 326, 209, 130, -121, 74, -7182, -7115, -6780, -6675, -6638, -6173, -5846, -5246, 66, 223, -45, -322, -226, 191, -13, 144, 66, 223, -45, -323, -226, 191, -13, 144, -7182, -7115, -6780, -6675, -6638, -6173, -5845, -5246]
  Imag: [0, 0, 0, 0, 0, 0, 0, 0, 0, 0, 0, 0, 0, 0, 0, 0, 67, 53, -212, -99, -74, 345, 197, 87, -68, -54, 212, 98, 73, -345, -197, -87, -466, -1002, -1684, -2418, -2777, -3684, -4520, -4599, 32, 52, -143, -63, -83, 218, 43, -29, -33, -53, 142, 62, 82, -219, -43, 28, 465, 1001, 1683, 2416, 2776, 3683, 4519, 4598]

Stage 4 Max Abs Real: 16712 | Max Abs Imag: 2330
  Real: [16519, 16346, 16712, 16273, -58, -17, -132, 54, -104, -103, 117, 142, -104, -103, 117, 142, 135, 200, -43, 220, 40, -135, -97, 106, 39, -135, -97, 106, 135, 200, -43, 220, -7189, -7114, -6956, -6641, 6, -1, 175, -35, 38, 175, -1, -202, 28, 47, -45, -120, 27, 47, -45, -121, 38, 176, -1, -202, 6, -1, 175, -35, -7189, -7114, -6955, -6641]
  Imag: [0, 0, 0, 0, 0, 0, 0, 0, -162, 129, -57, 121, 162, -129, 56, -122, -67, 102, 6, -46, 134, -49, -218, -54, -134, 48, 218, 53, 66, -103, -6, 45, -246, -1022, -1812, -2330, -220, 20, 127, -88, 135, -105, -74, -93, -104, 156, -69, 30, 103, -157, 68, -31, -136, 104, 73, 93, 220, -20, -129, 87, 245, 1021, 1811, 2329]

Stage 5 Max Abs Real: 16615 | Max Abs Imag: 1007
  Real: [16615, 16309, -96, 37, -29, -9, -29, -9, -31, 41, -73, -145, -74, -145, -31, 42, 49, 193, 86, 7, -62, -113, 102, -23, 101, -23, -63, -112, 86, 7, 49, 193, -7183, -7041, -7, -73, 48, -41, -42, 39, -12, -8, 50, 182, 13, 81, 14, -35, 13, -36, 13, 82, 49, 183, -12, -7, -43, 39, 49, -40, -7, -73, -7182, -7041]
  Imag: [0, 0, 0, 0, 66, -27, -66, 27, -143, 56, -19, 72, 19, -72, 142, -57, -23, -13, -44, 115, 153, -64, -19, 14, 19, -15, -153, 63, 43, -115, 22, 12, -334, -1007, 87, -16, -209, 35, -12, -16, 46, 5, 88, -110, -11, 98, -93, 57, 92, -58, 11, -99, -89, 109, -48, -6, 11, 15, 209, -35, -88, 15, 333, 1005]

Stage 6 Max Abs Real: 16461 | Max Abs Imag: 324
  Real: [16461, 153, -48, -48, -28, -2, -2, -28, 14, -45, 24, -98, -98, 24, -46, 14, 118, -69, 98, -13, -89, 27, 64, 37, 36, 64, 26, -89, -13, 98, -69, 118, -7145, -39, -8, 0, 24, 23, -42, -1, -9, -4, -67, 116, 65, -52, 32, -18, -19, 32, -53, 65, 116, -67, -4, -8, -2, -42, 23, 25, 0, -7, -38, -7144]
  Imag: [0, 0, -19, 18, 26, 40, -40, -26, -54, -89, 43, -62, 62, -43, 88, 53, -37, 14, -37, -7, 105, 48, -10, -10, 9, 10, -48, -105, 6, 36, -14, 36, -324, -11, 80, 7, -78, -131, -13, 0, 26, 19, -11, 99, -31, 19, -69, -24, 23, 69, -20, 31, -100, 11, -20, -28, -2, 12, 130, 78, -8, -81, 11, 322]

--- STEP 3: Magnitude & Log2 Computation ---
Bin 00: Re= 16461, Im=     0 | cap_prod= 270964521 -> log2=-1.987305
Bin 01: Re= -7145, Im=  -324 | cap_prod=  51156001 -> log2=-4.392578
Bin 02: Re=   118, Im=   -37 | cap_prod=     15293 -> log2=-16.099609
Bin 03: Re=   -19, Im=    23 | cap_prod=       890 -> log2=-20.203125
Bin 04: Re=    14, Im=   -54 | cap_prod=      3112 -> log2=-18.396484
Bin 05: Re=    -9, Im=    26 | cap_prod=       757 -> log2=-20.437500
Bin 06: Re=    36, Im=     9 | cap_prod=      1377 -> log2=-19.574219
Bin 07: Re=    -2, Im=    -2 | cap_prod=         8 -> log2=-27.000000
Bin 08: Re=   -28, Im=    26 | cap_prod=      1460 -> log2=-19.491211
Bin 09: Re=    24, Im=   -78 | cap_prod=      6660 -> log2=-17.299805
Bin 10: Re=   -89, Im=   105 | cap_prod=     18946 -> log2=-15.791016
Bin 11: Re=   116, Im=  -100 | cap_prod=     23456 -> log2=-15.485352
Bin 12: Re=   -98, Im=    62 | cap_prod=     13448 -> log2=-16.286133
Bin 13: Re=    65, Im=   -31 | cap_prod=      5186 -> log2=-17.660156
Bin 14: Re=   -13, Im=     6 | cap_prod=       205 -> log2=-22.321289
Bin 15: Re=     0, Im=    -8 | cap_prod=        64 -> log2=-24.000000
Bin 16: Re=   -48, Im=   -19 | cap_prod=      2665 -> log2=-18.621094
Bin 17: Re=    -8, Im=    80 | cap_prod=      6464 -> log2=-17.341797
Bin 18: Re=    98, Im=   -37 | cap_prod=     10973 -> log2=-16.580078
Bin 19: Re=   -53, Im=   -20 | cap_prod=      3209 -> log2=-18.351562
Bin 20: Re=    24, Im=    43 | cap_prod=      2425 -> log2=-18.755859
Bin 21: Re=   -67, Im=   -11 | cap_prod=      4610 -> log2=-17.830078
Bin 22: Re=    26, Im=   -48 | cap_prod=      2980 -> log2=-18.460938
Bin 23: Re=    23, Im=   130 | cap_prod=     17429 -> log2=-15.912109
Bin 24: Re=    -2, Im=   -40 | cap_prod=      1604 -> log2=-19.352539
Bin 25: Re=   -42, Im=   -13 | cap_prod=      1933 -> log2=-19.083984
Bin 26: Re=    64, Im=   -10 | cap_prod=      4196 -> log2=-17.966797
Bin 27: Re=    -4, Im=   -20 | cap_prod=       416 -> log2=-21.299805
Bin 28: Re=   -46, Im=    88 | cap_prod=      9860 -> log2=-16.732422
Bin 29: Re=    32, Im=   -69 | cap_prod=      5785 -> log2=-17.504883
Bin 30: Re=   -69, Im=   -14 | cap_prod=      4957 -> log2=-17.724609
Bin 31: Re=   -38, Im=    11 | cap_prod=      1565 -> log2=-19.388672
Bin 32: Re=   153, Im=     0 | cap_prod=     23409 -> log2=-15.488281

######################################################################

======================================================================
RANK #7 | Iteration: 835 | Pearson Score: 0.995358
======================================================================

My Pipeline Bin Results (33 bins):
[-1.978515625, -4.3955078125, -17.97265625, -17.6982421875, -17.521484375, -16.720703125, -17.3974609375, -17.3837890625, -17.1953125, -17.1865234375, -18.5458984375, -21.0693359375, -17.5546875, -16.6123046875, -19.830078125, -16.8232421875, -19.5009765625, -17.1435546875, -16.701171875, -30.0, -18.224609375, -19.0166015625, -18.421875, -15.845703125, -15.9326171875, -16.68359375, -17.5263671875, -21.203125, -16.9716796875, -16.65234375, -16.1865234375, -17.3349609375, -19.1474609375]

Original Floating-Point Reference (33 bins):
[5.011654419023002, 3.8024416348183427, -2.949037180618892, -2.8124142802094747, -2.79907938649963, -2.3398205885654084, -2.7469737543541477, -2.6567821773911153, -2.5940730279793742, -2.589342558874934, -3.3096931513810315, -4.483024119225868, -2.7515397475158796, -2.318437297262203, -3.962018630423679, -2.4019490158937513, -3.7568994906187543, -2.576325379071898, -2.338118488356993, -10.49112719226709, -3.1100102300707264, -3.4678249823826244, -3.170831373398909, -1.9303690059104235, -1.9632622011194667, -2.3381608185674723, -2.758116647054025, -4.555693075835411, -2.4906774042590456, -2.320335627845042, -2.0921177975529206, -2.6544005562623734, -3.560857880787271]

DETAILED STEP-BY-STEP TRACE LOG:
--------------------------------------------------
--- STEP 0: Raw Input vs Q1.15 Input ---
Raw Input Floats: [0.9854091419377264, 0.9628963223376007, 0.9615133880302772, 0.9978938540971092, 0.9323715858780177, 0.9226867870459694, 0.9758180750339196, 0.9275092022103134, 0.9318318053871222, 0.948556147194725, 0.9809084075050923, 0.9058908768495847, 0.9613856020264079, 0.9313457590441846, 0.9579910746565754, 0.9457736822821474, 0.9772882177215418, 0.9431311388862645, 0.9044070276484713, 0.9142355149645168, 0.9722350456313773, 0.9879419045088185, 0.9398722416095477, 0.9251698251050184, 0.9848775877727108, 0.935104977434918, 0.9565794161148711, 0.981558385852033, 0.9048979374974024, 0.988608775492817, 0.9100470209149415, 0.9313897045765221, 0.9029594719428995, 0.9059079205385655, 0.9264997402944086, 0.9971832594404286, 0.9323325133157742, 0.9814854140382541, 0.9555316006036734, 0.9341971530077953, 0.9515603909730314, 0.9071753255325326, 0.9842967727414714, 0.9297370903623589, 0.9061621706878331, 0.9576817698053277, 0.995732054902604, 0.9246707937091634, 0.9006716794133434, 0.9500372247124409, 0.9308692901467313, 0.990320894051397, 0.9543984830120755, 0.932641334952165, 0.9732373018635099, 0.9922524655688845, 0.9747937642249935, 0.968440685600681, 0.9544385145983062, 0.9635609615620231, 0.9587276348404843, 0.9931009194770669, 0.9577770326122711, 0.9399321525298301]
Q1.15 Converted : [32290, 31552, 31507, 32699, 30552, 30235, 31976, 30393, 30534, 31082, 32142, 29684, 31503, 30518, 31391, 30991, 32024, 30905, 29636, 29958, 31858, 32373, 30798, 30316, 32272, 30642, 31345, 32164, 29652, 32395, 29820, 30520, 29588, 29685, 30360, 32676, 30551, 32161, 31311, 30612, 31181, 29726, 32253, 30466, 29693, 31381, 32628, 30300, 29513, 31131, 30503, 32451, 31274, 30561, 31891, 32514, 31942, 31734, 31275, 31574, 31416, 32542, 31384, 30800]

--- STEP 1: Windowed Samples (Q1.15) ---
[2582, 2595, 2807, 3284, 3547, 4112, 5114, 5702, 6681, 7870, 9335, 9799, 11717, 12677, 14443, 15669, 17660, 18456, 19037, 20565, 23230, 24926, 24901, 25597, 28308, 27782, 29230, 30698, 28829, 31934, 29667, 30502, 29570, 29532, 29928, 31769, 29159, 29990, 28388, 26852, 26328, 24034, 24834, 22215, 20384, 20158, 19485, 16709, 14922, 14323, 12671, 12070, 10324, 8876, 8074, 7114, 5993, 5075, 4253, 3666, 3155, 2899, 2582, 2463]

--- STEP 2: FFT Stages ---
Stage 1 Max Abs Real: 17526 | Max Abs Imag: 0
  Real: [16075, 16063, 16367, 17526, 16352, 17050, 16750, 16276, 16504, 15951, 17084, 16006, 16050, 16417, 16963, 16188, 16290, 16389, 15853, 16317, 16776, 16900, 16487, 16355, 17150, 16428, 16741, 17181, 15991, 17416, 16124, 16482, -13494, -13468, -13560, -14242, -12806, -12939, -11637, -10575, -9823, -8082, -7749, -6208, -4333, -3740, -2521, -520, 1369, 2067, 3183, 4248, 6453, 8025, 8414, 9242, 11158, 11354, 12489, 13516, 12837, 14518, 13543, 14020]
  Imag: [0, 0, 0, 0, 0, 0, 0, 0, 0, 0, 0, 0, 0, 0, 0, 0, 0, 0, 0, 0, 0, 0, 0, 0, 0, 0, 0, 0, 0, 0, 0, 0, 0, 0, 0, 0, 0, 0, 0, 0, 0, 0, 0, 0, 0, 0, 0, 0, 0, 0, 0, 0, 0, 0, 0, 0, 0, 0, 0, 0, 0, 0, 0, 0]

Stage 2 Max Abs Real: 16974 | Max Abs Imag: 7259
  Real: [16182, 16225, 16109, 16921, 16563, 16974, 16618, 16315, 16826, 16189, 16912, 16593, 16020, 16916, 16543, 16334, -107, -163, 257, 605, -212, 75, 132, -39, -323, -238, 172, -587, 30, -499, 420, -147, -6747, -6734, -6780, -7121, -6403, -6470, -5819, -5288, -4912, -4041, -3875, -3104, -2167, -1870, -1261, -260, -6747, -6734, -6780, -7121, -6403, -6470, -5819, -5288, -4912, -4041, -3875, -3104, -2167, -1870, -1261, -260]
  Imag: [0, 0, 0, 0, 0, 0, 0, 0, 0, 0, 0, 0, 0, 0, 0, 0, 0, 0, 0, 0, 0, 0, 0, 0, 0, 0, 0, 0, 0, 0, 0, 0, -685, -1034, -1592, -2124, -3227, -4013, -4207, -4621, -5579, -5677, -6245, -6758, -6419, -7259, -6772, -7010, 684, 1033, 1591, 2124, 3226, 4012, 4207, 4621, 5579, 5677, 6244, 6758, 6418, 7259, 6771, 7010]

Stage 3 Max Abs Real: 16944 | Max Abs Imag: 4698
  Real: [16503, 16206, 16510, 16756, 16291, 16944, 16580, 16324, -322, 18, -401, 164, 272, 29, 38, -9, -54, -82, 128, 302, -106, 37, 66, -20, -54, -82, 128, 302, -106, 37, 66, -20, -7083, -6803, -6968, -7047, -6237, -6463, -5750, -5214, 335, 69, 187, -74, -166, -8, -70, -74, 335, 69, 187, -74, -166, -8, -70, -74, -7083, -6803, -6968, -7047, -6237, -6463, -5749, -5214]
  Imag: [0, 0, 0, 0, 0, 0, 0, 0, 0, 0, 0, 0, 0, 0, 0, 0, 161, 119, -86, 293, -15, 249, -210, 73, -162, -119, 86, -294, 15, -250, 210, -74, -579, -1096, -1635, -2355, -3117, -3912, -4053, -4698, -107, 62, 42, 230, -110, -101, -155, 76, 106, -63, -43, -231, 109, 100, 155, -77, 578, 1095, 1634, 2354, 3116, 3911, 4052, 4697]

Stage 4 Max Abs Real: 16574 | Max Abs Imag: 2351
  Real: [16396, 16574, 16544, 16539, 106, -369, -35, 216, -161, 9, -201, 82, -161, 9, -201, 82, -70, 60, 13, 169, 15, -143, 115, 132, 15, -143, 115, 132, -70, 60, 13, 170, -7019, -7136, -6916, -6831, -64, 333, -52, -216, 148, -11, 35, 12, 186, 79, 152, -87, 186, 79, 152, -87, 149, -10, 35, 13, -64, 332, -53, -216, -7019, -7136, -6915, -6831]
  Imag: [0, 0, 0, 0, 0, 0, 0, 0, -136, -15, -19, 4, 136, 14, 19, -5, 112, 134, -141, 179, 49, -15, 55, 114, -50, 15, -55, -114, -113, -134, 141, -180, -537, -1119, -1590, -2351, -43, 23, -45, -5, 44, 53, 82, 134, -151, 8, -41, 96, 150, -9, 40, -97, -44, -54, -83, -135, 42, -23, 45, 4, 535, 1118, 1589, 2349]

Stage 5 Max Abs Real: 16556 | Max Abs Imag: 1047
  Real: [16469, 16556, -74, 18, 53, -185, 53, -185, -159, 34, -3, -26, -3, -26, -159, 35, -56, 142, -15, -83, 10, -44, 4, -99, 4, -99, 10, -44, -15, -83, -56, 143, -7057, -7147, 37, 11, -49, 185, -15, 147, 118, 53, 30, -65, 18, 102, 167, -24, 167, -24, 18, 102, 30, -65, 119, 55, -15, 146, -49, 185, 37, 11, -7056, -7147]
  Imag: [0, 0, 0, 0, 17, -108, -18, 108, -4, -36, -132, 20, 132, -21, 4, 34, -12, 117, 124, 17, -40, -91, 89, 75, -90, -76, 39, 90, -125, -17, 11, -117, -374, -1047, -163, -73, 8, 117, -51, -94, 29, 58, 14, -6, -101, -12, -50, 20, 49, -21, 101, 12, -14, 5, -30, -59, 50, 94, -9, -117, 162, 73, 372, 1045]

Stage 6 Max Abs Real: 16512 | Max Abs Imag: 358
  Real: [16512, -43, -37, -37, -77, 130, 130, -77, -71, -89, 12, -16, -16, 13, -89, -70, 53, -109, 9, -24, -45, 55, 64, -60, -61, 64, 54, -45, -24, 9, -110, 53, -7136, 79, -19, 55, 79, -129, -94, 79, 96, 22, 27, 2, 18, 0, 97, 69, 69, 98, 0, 18, 2, 28, 21, 97, 78, -94, -129, 79, 55, -19, 79, -7136]
  Imag: [0, 0, -9, 9, 35, -18, 17, -36, -26, 22, -58, -74, 73, 58, -21, 25, 37, -49, 100, 23, -28, -13, 40, 48, -50, -41, 12, 27, -24, -101, 48, -38, -358, -16, -84, -80, -31, 39, -37, -15, 27, 1, 36, -23, -102, 0, -32, -18, 17, 32, -1, 101, 22, -37, -2, -28, 14, 35, -40, 30, 79, 83, 16, 356]

--- STEP 3: Magnitude & Log2 Computation ---
Bin 00: Re= 16512, Im=     0 | cap_prod= 272646144 -> log2=-1.978516
Bin 01: Re= -7136, Im=  -358 | cap_prod=  51050660 -> log2=-4.395508
Bin 02: Re=    53, Im=    37 | cap_prod=      4178 -> log2=-17.972656
Bin 03: Re=    69, Im=    17 | cap_prod=      5050 -> log2=-17.698242
Bin 04: Re=   -71, Im=   -26 | cap_prod=      5717 -> log2=-17.521484
Bin 05: Re=    96, Im=    27 | cap_prod=      9945 -> log2=-16.720703
Bin 06: Re=   -61, Im=   -50 | cap_prod=      6221 -> log2=-17.397461
Bin 07: Re=    78, Im=    14 | cap_prod=      6280 -> log2=-17.383789
Bin 08: Re=   -77, Im=    35 | cap_prod=      7154 -> log2=-17.195312
Bin 09: Re=    79, Im=   -31 | cap_prod=      7202 -> log2=-17.186523
Bin 10: Re=   -45, Im=   -28 | cap_prod=      2809 -> log2=-18.545898
Bin 11: Re=     2, Im=    22 | cap_prod=       488 -> log2=-21.069336
Bin 12: Re=   -16, Im=    73 | cap_prod=      5585 -> log2=-17.554688
Bin 13: Re=    18, Im=  -102 | cap_prod=     10728 -> log2=-16.612305
Bin 14: Re=   -24, Im=   -24 | cap_prod=      1152 -> log2=-19.830078
Bin 15: Re=    55, Im=    79 | cap_prod=      9266 -> log2=-16.823242
Bin 16: Re=   -37, Im=    -9 | cap_prod=      1450 -> log2=-19.500977
Bin 17: Re=   -19, Im=   -84 | cap_prod=      7417 -> log2=-17.143555
Bin 18: Re=     9, Im=   100 | cap_prod=     10081 -> log2=-16.701172
Bin 19: Re=     0, Im=    -1 | cap_prod=         1 -> log2=-30.000000
Bin 20: Re=    12, Im=   -58 | cap_prod=      3508 -> log2=-18.224609
Bin 21: Re=    27, Im=    36 | cap_prod=      2025 -> log2=-19.016602
Bin 22: Re=    54, Im=    12 | cap_prod=      3060 -> log2=-18.421875
Bin 23: Re=  -129, Im=   -40 | cap_prod=     18241 -> log2=-15.845703
Bin 24: Re=   130, Im=    17 | cap_prod=     17189 -> log2=-15.932617
Bin 25: Re=   -94, Im=   -37 | cap_prod=     10205 -> log2=-16.683594
Bin 26: Re=    64, Im=    40 | cap_prod=      5696 -> log2=-17.526367
Bin 27: Re=    21, Im=    -2 | cap_prod=       445 -> log2=-21.203125
Bin 28: Re=   -89, Im=   -21 | cap_prod=      8362 -> log2=-16.971680
Bin 29: Re=    97, Im=   -32 | cap_prod=     10433 -> log2=-16.652344
Bin 30: Re=  -110, Im=    48 | cap_prod=     14404 -> log2=-16.186523
Bin 31: Re=    79, Im=    16 | cap_prod=      6497 -> log2=-17.334961
Bin 32: Re=   -43, Im=     0 | cap_prod=      1849 -> log2=-19.147461

######################################################################

======================================================================
RANK #8 | Iteration: 188 | Pearson Score: 0.995978
======================================================================

My Pipeline Bin Results (33 bins):
[-1.958984375, -4.3359375, -15.072265625, -17.744140625, -17.857421875, -18.4267578125, -23.5263671875, -20.591796875, -17.529296875, -17.2587890625, -17.255859375, -19.4267578125, -20.33984375, -16.1513671875, -15.9873046875, -17.4658203125, -19.224609375, -21.26953125, -29.0, -18.9970703125, -19.921875, -20.6435546875, -19.8203125, -16.2900390625, -17.0126953125, -20.474609375, -18.5830078125, -19.1796875, -17.7880859375, -16.208984375, -18.060546875, -18.2333984375, -16.6005859375]

Original Floating-Point Reference (33 bins):
[5.021580340481081, 3.831746792133003, -1.5165539641194046, -2.9067623594169967, -2.900268695496628, -3.2345821987554473, -6.033248397075742, -4.2376516111820814, -2.7726492847788013, -2.613478006129778, -2.6390866027584883, -3.724894221811151, -4.2506712764020005, -2.0542599188377344, -2.0128374751404152, -2.7035456689568322, -3.6155960010466686, -4.670311679642944, -9.91198868489774, -3.516180471319057, -4.001993436131181, -4.338557067002924, -3.9491230105512813, -2.141903278058878, -2.5194509835867036, -4.240313182083258, -3.306117163340084, -3.571690253721143, -2.912134517411998, -2.0983624083042742, -3.0514711792675357, -3.1208264064355626, -2.3086691577136116]

DETAILED STEP-BY-STEP TRACE LOG:
--------------------------------------------------
--- STEP 0: Raw Input vs Q1.15 Input ---
Raw Input Floats: [0.9670570951399174, 0.9500269360494336, 0.9801385618513159, 0.9984374305716229, 0.9669128414750945, 0.9173928240441993, 0.9168697277485153, 0.9213753142493711, 0.9541045488041463, 0.9307696954673149, 0.9720030468669729, 0.9194905680446593, 0.9452086573190411, 0.9512072640146744, 0.9655158899981086, 0.9371669589428074, 0.9827738121123495, 0.9154511080310683, 0.9483861035172707, 0.9878308906655502, 0.9450649549994081, 0.958531865456517, 0.9335038671682198, 0.9448423868211642, 0.9872160738422593, 0.9693593235170018, 0.9978098345377284, 0.9704594380289323, 0.9901058048489211, 0.9538814790706611, 0.9899124481591194, 0.9041297450502916, 0.9756313002116971, 0.977969778156704, 0.9723989671602469, 0.9536851189158438, 0.9029267068233124, 0.913617373701178, 0.9672833926094958, 0.9585867614490167, 0.9347239964923658, 0.9410706356530276, 0.9300199546342015, 0.9938025251823223, 0.9202091079045551, 0.9106332670503001, 0.9560225333406085, 0.9447074195823078, 0.9576855512839741, 0.9260319344073846, 0.9312133503209598, 0.9092719750375585, 0.9821583245406212, 0.9259572211906212, 0.936104556447096, 0.9436583773299434, 0.9542747249397701, 0.9262372253395232, 0.9701178069899925, 0.9604178060973069, 0.9329038308950626, 0.9456752223715248, 0.9118572476514345, 0.97444638541151]
Q1.15 Converted : [31689, 31130, 32117, 32717, 31684, 30061, 30044, 30192, 31264, 30499, 31851, 30130, 30973, 31169, 31638, 30709, 32204, 29998, 31077, 32369, 30968, 31409, 30589, 30961, 32349, 31764, 32696, 31800, 32444, 31257, 32437, 29627, 31969, 32046, 31864, 31250, 29587, 29937, 31696, 31411, 30629, 30837, 30475, 32565, 30153, 29840, 31327, 30956, 31381, 30344, 30514, 29795, 32183, 30342, 30674, 30922, 31270, 30351, 31789, 31471, 30569, 30988, 29880, 31931]

--- STEP 1: Windowed Samples (Q1.15) ---
[2534, 2561, 2861, 3285, 3679, 4088, 4805, 5664, 6840, 7722, 9250, 9947, 11520, 12947, 14557, 15526, 17759, 17914, 19962, 22221, 22581, 24184, 24732, 26142, 28376, 28799, 30489, 30351, 31543, 30812, 32270, 29609, 31950, 31881, 31410, 30383, 28238, 27917, 28738, 27553, 25861, 24932, 23465, 23745, 20699, 19168, 18708, 17071, 15866, 13961, 12675, 11082, 10624, 8812, 7766, 6766, 5866, 4854, 4323, 3654, 3070, 2761, 2458, 2554]

--- STEP 2: FFT Stages ---
Stage 1 Max Abs Real: 17405 | Max Abs Imag: 0
  Real: [17241, 17220, 17135, 16833, 15958, 16002, 16771, 16608, 16350, 16326, 16357, 16845, 16109, 16057, 16632, 16298, 16812, 15937, 16318, 16651, 16602, 16497, 16248, 16453, 17120, 16826, 17405, 17002, 17306, 16786, 17363, 16081, -14708, -14660, -14274, -13549, -12279, -11914, -11966, -10944, -9510, -8605, -7107, -6899, -4589, -3110, -2075, -772, 947, 1977, 3644, 5570, 5979, 7686, 8483, 9688, 11255, 11973, 13083, 13349, 14237, 14026, 14906, 13528]
  Imag: [0, 0, 0, 0, 0, 0, 0, 0, 0, 0, 0, 0, 0, 0, 0, 0, 0, 0, 0, 0, 0, 0, 0, 0, 0, 0, 0, 0, 0, 0, 0, 0, 0, 0, 0, 0, 0, 0, 0, 0, 0, 0, 0, 0, 0, 0, 0, 0, 0, 0, 0, 0, 0, 0, 0, 0, 0, 0, 0, 0, 0, 0, 0, 0]

Stage 2 Max Abs Real: 17026 | Max Abs Imag: 7453
  Real: [17026, 16578, 16726, 16741, 16279, 16249, 16509, 16530, 16734, 16575, 16880, 16923, 16707, 16421, 16997, 16189, 215, 642, 409, 91, -322, -247, 262, 78, -385, -250, -524, -78, -598, -364, -365, 109, -7354, -7330, -7137, -6775, -6140, -5957, -5983, -5472, -4755, -4303, -3554, -3450, -2295, -1555, -1038, -386, -7354, -7330, -7137, -6775, -6140, -5957, -5983, -5472, -4755, -4303, -3554, -3450, -2295, -1555, -1038, -386]
  Imag: [0, 0, 0, 0, 0, 0, 0, 0, 0, 0, 0, 0, 0, 0, 0, 0, 0, 0, 0, 0, 0, 0, 0, 0, 0, 0, 0, 0, 0, 0, 0, 0, -474, -989, -1822, -2785, -2990, -3843, -4242, -4844, -5628, -5987, -6542, -6675, -7119, -7013, -7453, -6764, 473, 988, 1822, 2785, 2989, 3843, 4241, 4844, 5627, 5986, 6541, 6674, 7118, 7013, 7453, 6764]

Stage 3 Max Abs Real: 16879 | Max Abs Imag: 4678
  Real: [16879, 16576, 16802, 16831, 16492, 16334, 16752, 16359, 146, 2, -77, -91, -214, -86, -244, 171, 107, 321, 204, 45, -161, -124, 131, 39, 107, 321, 204, 45, -161, -124, 131, 39, -7348, -7303, -7138, -6967, -6398, -6008, -5993, -5264, -6, -27, 1, 192, 258, 50, 10, -209, -7, -28, 1, 192, 258, 50, 10, -209, -7348, -7303, -7138, -6967, -6398, -6008, -5993, -5264]
  Imag: [0, 0, 0, 0, 0, 0, 0, 0, 0, 0, 0, 0, 0, 0, 0, 0, 192, 125, 262, 39, 299, 182, 182, -55, -193, -125, -262, -39, -299, -182, -183, 54, -546, -1091, -1968, -2533, -3201, -3852, -4390, -4678, 72, 101, 145, -252, 211, 8, 147, -167, -72, -102, -146, 252, -212, -9, -148, 166, 545, 1089, 1967, 2533, 3200, 3851, 4389, 4677]

Stage 4 Max Abs Real: 16776 | Max Abs Imag: 2421
  Real: [16685, 16454, 16776, 16594, 194, 121, 25, 236, 73, 1, -39, -46, 73, 1, -39, -46, 102, 181, 212, 17, 4, 140, -9, 28, 4, 140, -9, 28, 102, 181, 213, 17, -7242, -7164, -7178, -6811, -106, -139, 39, -157, 45, -20, 66, 58, -51, -8, -66, 133, -52, -9, -66, 133, 45, -20, 67, 59, -106, -140, 39, -157, -7242, -7164, -7177, -6810]
  Imag: [0, 0, 0, 0, 0, 0, 0, 0, 107, 43, 122, -86, -107, -43, -122, 85, 258, 170, 148, -14, -66, -45, 113, 53, 65, 45, -113, -53, -259, -170, -149, 14, -528, -1176, -1866, -2421, -18, 84, -103, -113, -124, 25, 39, 2, 196, 76, 106, -254, -197, -77, -107, 254, 124, -26, -40, -2, 18, -85, 102, 112, 527, 1174, 1864, 2420]

Stage 5 Max Abs Real: 16730 | Max Abs Imag: 1112
  Real: [16730, 16523, -45, -70, 97, 60, 97, 60, 66, -46, 7, 47, 7, 47, 66, -46, 177, 95, -75, 85, 56, 89, -52, 51, -52, 51, 56, 89, -76, 85, 178, 95, -7323, -7159, 81, -6, -108, -110, 1, -30, 57, 7, -12, -27, 31, -130, -82, 122, -83, 121, 31, -131, -13, -27, 58, 7, 1, -31, -107, -110, 80, -6, -7323, -7158]
  Imag: [0, 0, 0, 0, -13, -118, 12, 118, 110, 7, -3, 36, 3, -36, -110, -7, 156, 75, 102, 95, -51, -46, -15, 1, 14, -1, 50, 46, -102, -95, -157, -75, -480, -1112, -49, -65, -19, 129, 0, -46, -79, -12, -45, 36, 71, 106, 124, -31, -125, 30, -72, -107, 45, -38, 79, 11, -1, 44, 19, -130, 49, 64, 478, 1110]

Stage 6 Max Abs Real: 16626 | Max Abs Imag: 443
  Real: [16626, 104, -23, -23, 28, 69, 69, 28, 13, 53, 11, -5, -5, 11, 53, 13, 142, 34, 1, -76, 33, 22, -47, -5, -5, -47, 22, 33, -77, 0, 35, 143, -7279, -45, 8, 72, -39, -69, -3, 3, 29, 28, 16, -28, 47, -17, -104, 21, 20, -104, -17, 47, -30, 16, 28, 29, 2, -2, -69, -38, 71, 8, -46, -7278]
  Imag: [0, 0, 35, -35, -70, 57, -58, 69, 66, 43, -31, 27, -28, 30, -44, -67, 105, 51, -1, 102, -76, 25, -23, 7, -8, 22, -26, 75, -103, 0, -52, -106, -443, -37, -19, -30, 73, -93, 27, -27, -47, -32, -20, -26, 112, -42, 58, 65, -67, -59, 42, -114, 25, 20, 32, 46, 26, -27, 93, -74, 30, 19, 37, 441]

--- STEP 3: Magnitude & Log2 Computation ---
Bin 00: Re= 16626, Im=     0 | cap_prod= 276423876 -> log2=-1.958984
Bin 01: Re= -7279, Im=  -443 | cap_prod=  53180090 -> log2=-4.335938
Bin 02: Re=   142, Im=   105 | cap_prod=     31189 -> log2=-15.072266
Bin 03: Re=    20, Im=   -67 | cap_prod=      4889 -> log2=-17.744141
Bin 04: Re=    13, Im=    66 | cap_prod=      4525 -> log2=-17.857422
Bin 05: Re=    29, Im=   -47 | cap_prod=      3050 -> log2=-18.426758
Bin 06: Re=    -5, Im=    -8 | cap_prod=        89 -> log2=-23.526367
Bin 07: Re=     2, Im=    26 | cap_prod=       680 -> log2=-20.591797
Bin 08: Re=    28, Im=   -70 | cap_prod=      5684 -> log2=-17.529297
Bin 09: Re=   -39, Im=    73 | cap_prod=      6850 -> log2=-17.258789
Bin 10: Re=    33, Im=   -76 | cap_prod=      6865 -> log2=-17.255859
Bin 11: Re=   -30, Im=    25 | cap_prod=      1525 -> log2=-19.426758
Bin 12: Re=    -5, Im=   -28 | cap_prod=       809 -> log2=-20.339844
Bin 13: Re=    47, Im=   112 | cap_prod=     14753 -> log2=-16.151367
Bin 14: Re=   -77, Im=  -103 | cap_prod=     16538 -> log2=-15.987305
Bin 15: Re=    71, Im=    30 | cap_prod=      5941 -> log2=-17.465820
Bin 16: Re=   -23, Im=    35 | cap_prod=      1754 -> log2=-19.224609
Bin 17: Re=     8, Im=   -19 | cap_prod=       425 -> log2=-21.269531
Bin 18: Re=     1, Im=    -1 | cap_prod=         2 -> log2=-29.000000
Bin 19: Re=   -17, Im=    42 | cap_prod=      2053 -> log2=-18.997070
Bin 20: Re=    11, Im=   -31 | cap_prod=      1082 -> log2=-19.921875
Bin 21: Re=    16, Im=   -20 | cap_prod=       656 -> log2=-20.643555
Bin 22: Re=    22, Im=   -26 | cap_prod=      1160 -> log2=-19.820312
Bin 23: Re=   -69, Im=    93 | cap_prod=     13410 -> log2=-16.290039
Bin 24: Re=    69, Im=   -58 | cap_prod=      8125 -> log2=-17.012695
Bin 25: Re=    -3, Im=    27 | cap_prod=       738 -> log2=-20.474609
Bin 26: Re=   -47, Im=   -23 | cap_prod=      2738 -> log2=-18.583008
Bin 27: Re=    28, Im=    32 | cap_prod=      1808 -> log2=-19.179688
Bin 28: Re=    53, Im=   -44 | cap_prod=      4745 -> log2=-17.788086
Bin 29: Re=  -104, Im=    58 | cap_prod=     14180 -> log2=-16.208984
Bin 30: Re=    35, Im=   -52 | cap_prod=      3929 -> log2=-18.060547
Bin 31: Re=   -46, Im=    37 | cap_prod=      3485 -> log2=-18.233398
Bin 32: Re=   104, Im=     0 | cap_prod=     10816 -> log2=-16.600586

######################################################################

======================================================================
RANK #9 | Iteration: 163 | Pearson Score: 0.996120
======================================================================

My Pipeline Bin Results (33 bins):
[-1.955078125, -4.3408203125, -15.046875, -18.4189453125, -20.4140625, -19.8916015625, -20.8486328125, -17.2861328125, -16.5791015625, -15.8857421875, -19.1201171875, -19.21484375, -18.55859375, -17.9482421875, -17.5439453125, -16.919921875, -18.35546875, -19.251953125, -21.1865234375, -25.35546875, -20.6005859375, -20.1845703125, -15.978515625, -16.44921875, -18.642578125, -17.017578125, -20.712890625, -23.6611328125, -18.0205078125, -18.7001953125, -18.263671875, -20.712890625, -30.0]

Original Floating-Point Reference (33 bins):
[5.023587061741552, 3.829134276821823, -1.510840180219189, -3.263300592906412, -4.077177691077618, -3.8229982936652958, -4.4621166910701024, -2.675955407129708, -2.2721067028329407, -1.9536728850443252, -3.5172820084930936, -3.6256432898913866, -3.227316082278781, -2.995053889275788, -2.7397161147102556, -2.4581408418791715, -3.175634403934362, -3.5955023788397, -4.593273285689916, -6.706754316757725, -4.3107894021376705, -4.077457121397971, -1.9855461016130036, -2.2194027795555207, -3.335779155882188, -2.502782968855655, -4.387426955292996, -5.805701890357471, -2.972260477522964, -3.3651151882863855, -3.1406154728156555, -4.392563754128904, -10.394355922827385]

DETAILED STEP-BY-STEP TRACE LOG:
--------------------------------------------------
--- STEP 0: Raw Input vs Q1.15 Input ---
Raw Input Floats: [0.9960174538073489, 0.9179899690914346, 0.9076333802504631, 0.9939976237608258, 0.9400392242592399, 0.9729304034766392, 0.9475264065455853, 0.958788845830726, 0.9071777294134734, 0.9665093690042067, 0.9840704580889541, 0.9636510825605188, 0.9680978226330221, 0.9538620940286432, 0.908416965164198, 0.9332336238160388, 0.931306184537338, 0.9144534771640368, 0.9898455475830353, 0.9028883322829538, 0.9240684751931308, 0.9363027526310629, 0.9332679370776559, 0.9604710153389093, 0.942242002210588, 0.953755034776179, 0.9809921923529988, 0.9704703035931062, 0.9092188406594727, 0.9535747278235231, 0.9799867652364999, 0.9996995722128574, 0.9742026956947041, 0.9631103446386773, 0.9369133349868339, 0.9676094096643, 0.9624727621039917, 0.9300250283692287, 0.9925928638743406, 0.9710771446659294, 0.9619528088558009, 0.9883342190031725, 0.9192994398253143, 0.9179981055735984, 0.945174116432487, 0.9232645262116816, 0.9709895216187261, 0.9925178650633083, 0.9663041638624511, 0.9685144235613224, 0.9364758825507741, 0.9046246288157491, 0.9983245915585085, 0.9078556970398604, 0.9703358119674639, 0.9653251627089955, 0.9586400512926186, 0.9823512585731194, 0.9761332537168397, 0.9890062320530173, 0.9701694568581445, 0.9722301282006007, 0.9085679678603499, 0.9280219847930062]
Q1.15 Converted : [32637, 30081, 29741, 32571, 30803, 31881, 31049, 31418, 29726, 31671, 32246, 31577, 31723, 31256, 29767, 30580, 30517, 29965, 32435, 29586, 30280, 30681, 30581, 31473, 30875, 31253, 32145, 31800, 29793, 31247, 32112, 32758, 31923, 31559, 30701, 31707, 31538, 30475, 32525, 31820, 31521, 32386, 30124, 30081, 30971, 30254, 31817, 32523, 31664, 31736, 30686, 29643, 32713, 29749, 31796, 31632, 31413, 32190, 31986, 32408, 31791, 31858, 29772, 30409]

--- STEP 1: Windowed Samples (Q1.15) ---
[2610, 2474, 2650, 3271, 3576, 4336, 4966, 5894, 6504, 8019, 9365, 10424, 11799, 12983, 13696, 15461, 16829, 17895, 20835, 20310, 22079, 23624, 24725, 26574, 27083, 28336, 29976, 30351, 28966, 30802, 31947, 32739, 31904, 31397, 30264, 30827, 30101, 28418, 29489, 27912, 26615, 26185, 23195, 21934, 21261, 19434, 19001, 17935, 16009, 14602, 12747, 11025, 10799, 8640, 8050, 6921, 5893, 5148, 4350, 3763, 3192, 2838, 2449, 2432]

--- STEP 2: FFT Stages ---
Stage 1 Max Abs Real: 17585 | Max Abs Imag: 0
  Real: [17256, 16935, 16456, 17048, 16838, 16376, 17227, 16902, 16559, 17101, 16279, 16178, 16529, 16208, 16348, 16697, 16418, 16248, 16790, 15667, 16438, 16131, 16387, 16747, 16487, 16741, 17162, 17056, 16078, 16819, 17197, 17585, -14647, -14461, -13807, -13778, -13262, -12041, -12261, -11009, -10055, -9083, -6915, -5755, -4731, -3225, -2652, -1237, 410, 1647, 4044, 4643, 5640, 7492, 8338, 9827, 10595, 11594, 12813, 13294, 12887, 13982, 14749, 15154]
  Imag: [0, 0, 0, 0, 0, 0, 0, 0, 0, 0, 0, 0, 0, 0, 0, 0, 0, 0, 0, 0, 0, 0, 0, 0, 0, 0, 0, 0, 0, 0, 0, 0, 0, 0, 0, 0, 0, 0, 0, 0, 0, 0, 0, 0, 0, 0, 0, 0, 0, 0, 0, 0, 0, 0, 0, 0, 0, 0, 0, 0, 0, 0, 0, 0]

Stage 2 Max Abs Real: 17140 | Max Abs Imag: 7577
  Real: [16836, 16591, 16622, 16357, 16637, 16253, 16806, 16824, 16522, 16920, 16720, 16616, 16303, 16513, 16772, 17140, 419, 344, -167, 691, 200, 123, 420, 78, 36, 180, -441, -439, 226, -305, -424, -444, -7324, -7231, -6904, -6889, -6631, -6021, -6131, -5505, -5028, -4542, -3458, -2878, -2366, -1613, -1326, -619, -7324, -7231, -6904, -6889, -6631, -6021, -6131, -5505, -5028, -4542, -3458, -2878, -2366, -1613, -1326, -619]
  Imag: [0, 0, 0, 0, 0, 0, 0, 0, 0, 0, 0, 0, 0, 0, 0, 0, 0, 0, 0, 0, 0, 0, 0, 0, 0, 0, 0, 0, 0, 0, 0, 0, -205, -824, -2022, -2322, -2820, -3746, -4169, -4914, -5298, -5797, -6407, -6647, -6444, -6991, -7375, -7577, 205, 823, 2022, 2321, 2820, 3746, 4169, 4913, 5297, 5797, 6406, 6647, 6443, 6991, 7374, 7577]

Stage 3 Max Abs Real: 16981 | Max Abs Imag: 4918
  Real: [16678, 16755, 16670, 16486, 16469, 16382, 16788, 16981, 157, -164, -49, -129, 167, -130, 17, -158, 209, 172, -84, 345, 100, 61, 210, 39, 209, 172, -84, 345, 100, 61, 210, 39, -7313, -7271, -6940, -6813, -6430, -6053, -6142, -5650, -11, 40, 36, -77, -201, 31, 10, 145, -12, 40, 35, -77, -202, 31, 10, 145, -7313, -7271, -6940, -6813, -6430, -6053, -6142, -5650]
  Imag: [0, 0, 0, 0, 0, 0, 0, 0, 0, 0, 0, 0, 0, 0, 0, 0, -18, -90, 220, 219, -113, 152, 212, 222, 18, 90, -221, -220, 113, -153, -212, -222, -199, -857, -2054, -2494, -2853, -3775, -4224, -4918, -7, 32, 32, 172, 32, 29, 54, 3, 7, -33, -32, -173, -32, -29, -55, -4, 198, 856, 2053, 2493, 2852, 3775, 4223, 4917]

Stage 4 Max Abs Real: 16733 | Max Abs Imag: 2438
  Real: [16573, 16568, 16728, 16733, 105, 187, -59, -247, 78, -82, -25, -65, 78, -82, -25, -65, 100, 161, 107, 264, 109, 10, -191, 80, 109, 10, -191, 80, 100, 162, 107, 264, -7173, -7154, -7116, -6958, -141, -117, 175, 144, 47, 27, 41, -65, -59, 12, -5, -12, -60, 12, -6, -13, 47, 27, 41, -65, -141, -117, 175, 144, -7173, -7154, -7116, -6957]
  Imag: [0, 0, 0, 0, 0, 0, 0, 0, -84, 65, -9, 79, 83, -65, 8, -79, -85, -14, 110, 173, 66, -77, 110, 45, -67, 77, -111, -46, 84, 13, -111, -174, -188, -1015, -1804, -2438, -12, 157, -251, -56, 82, -5, 0, 18, -90, 36, 31, 154, 90, -37, -32, -155, -83, 4, 0, -19, 11, -158, 250, 56, 186, 1014, 1802, 2437]

Stage 5 Max Abs Real: 16650 | Max Abs Imag: 1025
  Real: [16650, 16650, -77, -82, 52, 93, 52, 93, 27, -36, 51, -46, 50, -46, 27, -36, 120, 235, -21, -75, 142, 10, -33, -1, -34, -1, 142, 11, -21, -74, 120, 236, -7252, -7227, 79, 73, -211, -100, 70, -17, 34, 2, 12, 24, -19, 53, -41, -42, -41, -43, -19, 54, 12, 24, 35, 3, 69, -17, -211, -100, 79, 72, -7252, -7227]
  Imag: [0, 0, 0, 0, 29, 123, -30, -124, -37, 82, -47, -18, 47, 17, 36, -83, -13, 21, -73, -36, 99, -85, -34, 7, 33, -8, -100, 84, 72, 35, 11, -23, -285, -1025, 97, 10, -68, 12, 56, 144, 23, 29, 58, -35, -57, -44, -33, 79, 33, -80, 57, 42, -59, 34, -24, -30, -57, -145, 67, -13, -97, -10, 283, 1024]

Stage 6 Max Abs Real: 16649 | Max Abs Imag: 299
  Real: [16649, 0, -39, -39, 102, -50, -51, 102, 12, 14, 26, 25, 24, 26, 14, 12, 177, -58, -21, 0, 38, 103, -15, -19, -20, -15, 102, 39, -1, -21, -58, 178, -7273, 20, 40, 38, -133, -79, 87, -18, 24, 9, -15, 27, -23, 4, 11, -52, -53, 12, 3, -22, 26, -15, 9, 26, -18, 87, -79, -132, 38, 40, 20, -7273]
  Imag: [0, 0, 41, -41, 24, 4, -5, -26, 25, -63, 0, -48, 47, -1, 62, -27, -20, 6, 3, -77, 21, 78, -20, -14, 13, 20, -79, -22, 75, -3, -7, 18, -299, 14, 11, 85, 8, -76, -23, 79, 23, -1, 26, 32, -61, 3, -49, 15, -16, 49, -4, 61, -33, -27, 0, -24, -80, 23, 76, -9, -85, -12, -15, 297]

--- STEP 3: Magnitude & Log2 Computation ---
Bin 00: Re= 16649, Im=     0 | cap_prod= 277189201 -> log2=-1.955078
Bin 01: Re= -7273, Im=  -299 | cap_prod=  52985930 -> log2=-4.340820
Bin 02: Re=   177, Im=   -20 | cap_prod=     31729 -> log2=-15.046875
Bin 03: Re=   -53, Im=   -16 | cap_prod=      3065 -> log2=-18.418945
Bin 04: Re=    12, Im=    25 | cap_prod=       769 -> log2=-20.414062
Bin 05: Re=    24, Im=    23 | cap_prod=      1105 -> log2=-19.891602
Bin 06: Re=   -20, Im=    13 | cap_prod=       569 -> log2=-20.848633
Bin 07: Re=   -18, Im=   -80 | cap_prod=      6724 -> log2=-17.286133
Bin 08: Re=   102, Im=    24 | cap_prod=     10980 -> log2=-16.579102
Bin 09: Re=  -133, Im=     8 | cap_prod=     17753 -> log2=-15.885742
Bin 10: Re=    38, Im=    21 | cap_prod=      1885 -> log2=-19.120117
Bin 11: Re=    26, Im=   -33 | cap_prod=      1765 -> log2=-19.214844
Bin 12: Re=    24, Im=    47 | cap_prod=      2785 -> log2=-18.558594
Bin 13: Re=   -23, Im=   -61 | cap_prod=      4250 -> log2=-17.948242
Bin 14: Re=    -1, Im=    75 | cap_prod=      5626 -> log2=-17.543945
Bin 15: Re=    38, Im=   -85 | cap_prod=      8669 -> log2=-16.919922
Bin 16: Re=   -39, Im=    41 | cap_prod=      3202 -> log2=-18.355469
Bin 17: Re=    40, Im=    11 | cap_prod=      1721 -> log2=-19.251953
Bin 18: Re=   -21, Im=     3 | cap_prod=       450 -> log2=-21.186523
Bin 19: Re=     3, Im=    -4 | cap_prod=        25 -> log2=-25.355469
Bin 20: Re=    26, Im=     0 | cap_prod=       676 -> log2=-20.600586
Bin 21: Re=   -15, Im=    26 | cap_prod=       901 -> log2=-20.184570
Bin 22: Re=   102, Im=   -79 | cap_prod=     16645 -> log2=-15.978516
Bin 23: Re=   -79, Im=    76 | cap_prod=     12017 -> log2=-16.449219
Bin 24: Re=   -51, Im=    -5 | cap_prod=      2626 -> log2=-18.642578
Bin 25: Re=    87, Im=   -23 | cap_prod=      8098 -> log2=-17.017578
Bin 26: Re=   -15, Im=   -20 | cap_prod=       625 -> log2=-20.712891
Bin 27: Re=     9, Im=     0 | cap_prod=        81 -> log2=-23.661133
Bin 28: Re=    14, Im=    62 | cap_prod=      4040 -> log2=-18.020508
Bin 29: Re=    11, Im=   -49 | cap_prod=      2522 -> log2=-18.700195
Bin 30: Re=   -58, Im=    -7 | cap_prod=      3413 -> log2=-18.263672
Bin 31: Re=    20, Im=   -15 | cap_prod=       625 -> log2=-20.712891
Bin 32: Re=     0, Im=     0 | cap_prod=         0 (CLAMPED TO 1) -> log2=-30.000000

######################################################################

======================================================================
RANK #10 | Iteration: 633 | Pearson Score: 0.996296
======================================================================

My Pipeline Bin Results (33 bins):
[-1.982421875, -4.40234375, -20.408203125, -28.0, -18.26171875, -17.4287109375, -16.5966796875, -16.552734375, -17.2470703125, -22.0693359375, -18.2646484375, -16.9453125, -15.9287109375, -18.732421875, -18.25, -17.8232421875, -18.994140625, -19.533203125, -19.21484375, -19.0224609375, -17.896484375, -18.8916015625, -17.9130859375, -16.708984375, -16.7998046875, -23.400390625, -17.2333984375, -16.509765625, -18.2158203125, -17.3671875, -20.556640625, -16.9931640625, -18.892578125]

Original Floating-Point Reference (33 bins):
[5.009522319134465, 3.7986822817639774, -4.195836441848542, -6.851210757609834, -3.123593784358154, -2.7169790892166277, -2.282593386473119, -2.3001131545551505, -2.5975853874766632, -4.910019056594481, -3.151027728584004, -2.508191331441507, -1.9529992490590746, -3.3993353847138565, -3.1569838828061085, -2.8913650849693777, -3.5034500555268706, -3.763524056041124, -3.6245563510144674, -3.518995144804694, -2.943685451769396, -3.4669546300949117, -2.927056166516711, -2.372591750242064, -2.379605557639291, -5.7660240014522985, -2.6211185837896953, -2.246653374893376, -3.1049330005720193, -2.6706866908755855, -4.227964056621276, -2.4918061546460124, -3.4285787751740595]

DETAILED STEP-BY-STEP TRACE LOG:
--------------------------------------------------
--- STEP 0: Raw Input vs Q1.15 Input ---
Raw Input Floats: [0.9685249347200328, 0.9148238567959827, 0.9760537057714854, 0.9218321412625694, 0.9311633035654576, 0.9000937426453134, 0.97400534204066, 0.9395811851646885, 0.9900743207293968, 0.9401453928832244, 0.9668185569534381, 0.9565121413491726, 0.9460895145380167, 0.9993798407707648, 0.9153933704603516, 0.9863583354427776, 0.9189243048444264, 0.9024698869111786, 0.9088858221032394, 0.9606931532502685, 0.997260196812978, 0.9923239833964623, 0.9139880616402866, 0.9505004281823637, 0.9009885337881117, 0.9581098635498301, 0.9155052051223701, 0.9023165613874509, 0.936367060635577, 0.9369266371811988, 0.9475911330498491, 0.9726554616667585, 0.9756462496365553, 0.9205265337799176, 0.942233207645265, 0.9347374514415246, 0.9109677456730647, 0.9900756641282564, 0.9155111491917648, 0.9319144896062053, 0.9417210985659625, 0.9416212167707517, 0.9650440263037439, 0.9258640638707947, 0.9430261699664761, 0.942074439578909, 0.9672236156180812, 0.9776470627775902, 0.9988255533382909, 0.9008445781209127, 0.9402055892578078, 0.98109128827495, 0.9702661629263408, 0.9245490596191503, 0.9710177592160805, 0.9717275815232236, 0.9567560221571594, 0.9250047801821772, 0.9637973782028555, 0.9775357506072474, 0.9110475254500331, 0.9194997031673238, 0.9244127148870529, 0.966560098900334]
Q1.15 Converted : [31737, 29977, 31983, 30207, 30512, 29494, 31916, 30788, 32443, 30807, 31681, 31343, 31001, 32748, 29996, 32321, 30111, 29572, 29782, 31480, 32678, 32516, 29950, 31146, 29524, 31395, 29999, 29567, 30683, 30701, 31051, 31872, 31970, 30164, 30875, 30629, 29851, 32443, 29999, 30537, 30858, 30855, 31623, 30339, 30901, 30870, 31694, 32036, 32730, 29519, 30809, 32148, 31794, 30296, 31818, 31842, 31351, 30311, 31582, 32032, 29853, 30130, 30291, 31672]

--- STEP 1: Windowed Samples (Q1.15) ---
[2538, 2466, 2850, 3033, 3543, 4011, 5104, 5776, 7098, 7800, 9201, 10347, 11530, 13603, 13801, 16341, 16605, 17660, 19130, 21610, 23828, 25036, 24215, 26298, 25898, 28465, 27974, 28219, 29831, 30264, 30891, 31853, 31951, 30009, 30435, 29779, 28490, 30253, 27199, 26786, 26055, 24947, 24349, 22122, 21213, 19829, 18927, 17667, 16548, 13582, 12798, 11957, 10496, 8799, 8056, 6967, 5882, 4848, 4295, 3719, 2998, 2684, 2492, 2533]

--- STEP 2: FFT Stages ---
Stage 1 Max Abs Real: 17244 | Max Abs Imag: 0
  Real: [17244, 16237, 16642, 16405, 16016, 17131, 16151, 16280, 16576, 16373, 16774, 16234, 16371, 16715, 16363, 17003, 16576, 15620, 15963, 16783, 17161, 16917, 16135, 16632, 15889, 16656, 16134, 15968, 16414, 16473, 16691, 17192, -14706, -13771, -13792, -13373, -12473, -13121, -11047, -10505, -9478, -8573, -7574, -5887, -4841, -3113, -2563, -663, 29, 2039, 3166, 4827, 6666, 8119, 8080, 9666, 10008, 11809, 11840, 12250, 13417, 13790, 14200, 14660]
  Imag: [0, 0, 0, 0, 0, 0, 0, 0, 0, 0, 0, 0, 0, 0, 0, 0, 0, 0, 0, 0, 0, 0, 0, 0, 0, 0, 0, 0, 0, 0, 0, 0, 0, 0, 0, 0, 0, 0, 0, 0, 0, 0, 0, 0, 0, 0, 0, 0, 0, 0, 0, 0, 0, 0, 0, 0, 0, 0, 0, 0, 0, 0, 0, 0]

Stage 2 Max Abs Real: 17097 | Max Abs Imag: 7330
  Real: [16909, 15928, 16302, 16593, 16588, 17023, 16142, 16455, 16232, 16514, 16453, 16100, 16392, 16593, 16526, 17097, 334, 309, 340, -189, -572, 107, 8, -176, 344, -141, 320, 133, -21, 121, -164, -94, -7353, -6886, -6896, -6687, -6237, -6561, -5524, -5253, -4739, -4287, -3787, -2944, -2421, -1557, -1282, -332, -7353, -6886, -6896, -6687, -6237, -6561, -5524, -5253, -4739, -4287, -3787, -2944, -2421, -1557, -1282, -332]
  Imag: [0, 0, 0, 0, 0, 0, 0, 0, 0, 0, 0, 0, 0, 0, 0, 0, 0, 0, 0, 0, 0, 0, 0, 0, 0, 0, 0, 0, 0, 0, 0, 0, -15, -1020, -1583, -2414, -3333, -4060, -4040, -4833, -5004, -5905, -5920, -6125, -6709, -6895, -7100, -7330, 14, 1019, 1583, 2413, 3333, 4059, 4040, 4833, 5004, 5904, 5920, 6125, 6708, 6895, 7100, 7330]

Stage 3 Max Abs Real: 16807 | Max Abs Imag: 4891
  Real: [16570, 16220, 16377, 16346, 16489, 16807, 16333, 16775, 339, -293, -75, 247, 98, 215, -192, -321, 167, 154, 170, -95, -286, 53, 4, -88, 167, 154, 170, -95, -286, 53, 4, -88, -7121, -7047, -6880, -6550, -6346, -6269, -5726, -5335, -232, 160, -17, -138, 109, -293, 201, 82, -232, 160, -17, -138, 109, -293, 201, 82, -7121, -7046, -6880, -6550, -6346, -6269, -5726, -5335]
  Imag: [0, 0, 0, 0, 0, 0, 0, 0, 0, 0, 0, 0, 0, 0, 0, 0, -172, 70, -160, -67, 10, -61, 82, 47, 172, -71, 160, 66, -11, 60, -82, -47, -102, -1083, -1546, -2332, -3183, -3918, -4078, -4891, 87, 62, -37, -82, -150, -142, 37, 58, -88, -63, 37, 81, 150, 141, -38, -58, 101, 1081, 1546, 2331, 3183, 3917, 4077, 4891]

Stage 4 Max Abs Real: 16560 | Max Abs Imag: 2405
  Real: [16529, 16513, 16354, 16560, 41, -293, 22, -214, 169, -147, -38, 123, 169, -147, -38, 123, -14, 74, 115, -62, 181, 80, 55, -33, 181, 79, 55, -33, -14, 74, 115, -62, -7102, -7169, -6866, -6675, -20, 122, -15, 125, -206, 70, -30, -58, -26, 89, 12, -80, -26, 89, 12, -80, -206, 71, -29, -58, -20, 122, -15, 125, -7102, -7168, -6866, -6675]
  Imag: [0, 0, 0, 0, 0, 0, 0, 0, -49, -108, 96, 160, 49, 107, -96, -161, 18, -6, -53, 14, -191, 76, -107, -81, 190, -76, 107, 80, -19, 5, 53, -15, -308, -1152, -1562, -2405, 205, 69, 15, 73, 21, 193, -119, -91, 65, -131, 82, 8, -66, 130, -82, -9, -22, -193, 119, 90, -206, -70, -15, -74, 307, 1150, 1561, 2404]

Stage 5 Max Abs Real: 16536 | Max Abs Imag: 1105
  Real: [16441, 16536, 88, -23, 20, -147, 20, -147, 105, 26, 64, -174, 64, -174, 105, 26, 36, 11, -50, 63, 30, 9, 150, 71, 150, 70, 30, 9, -50, 63, 36, 11, -7070, -7093, -32, -77, -2, 84, -19, 37, -161, -19, -46, 89, 5, 80, -31, 9, -31, 8, 5, 80, -46, 89, -161, -18, -19, 37, -2, 85, -32, -76, -7070, -7092]
  Imag: [0, 0, 0, 0, -11, 107, 11, -107, 22, -41, -71, -67, 71, 66, -22, 40, -38, 14, 56, -21, -101, 68, -90, 8, 89, -8, 100, -68, -57, 20, 37, -16, -251, -1105, -58, -48, 108, -35, 97, 103, -11, 95, 32, 98, -6, -47, 70, -84, -71, 83, 5, 47, -33, -98, 10, -95, -98, -104, -109, 34, 57, 47, 249, 1103]

Stage 6 Max Abs Real: 16488 | Max Abs Imag: 328
  Real: [16488, -47, 44, 44, -4, 24, 24, -4, 57, 48, 34, 29, 29, 35, 48, 57, 24, 11, -42, -9, 46, -16, 47, 102, 102, 48, -16, 46, -9, -41, 11, 25, -7119, 48, -36, 4, 12, -14, 9, -28, -67, -95, -1, -46, -8, 13, -32, 1, 0, -32, 13, -8, -46, -1, -95, -66, -28, 9, -15, 12, 3, -36, 48, -7118]
  Imag: [0, 0, 11, -12, 83, -95, 94, -84, -13, 35, 57, -128, 128, -57, -35, 12, -14, -24, -1, 57, -36, -65, -69, -22, 21, 67, 64, 35, -58, 1, 24, 12, -328, 77, 11, -69, 10, 98, -4, 100, 40, -51, -47, 79, -49, 42, 73, -4, 2, -74, -43, 48, -80, 46, 50, -41, -102, 3, -99, -11, 68, -11, -77, 326]

--- STEP 3: Magnitude & Log2 Computation ---
Bin 00: Re= 16488, Im=     0 | cap_prod= 271854144 -> log2=-1.982422
Bin 01: Re= -7119, Im=  -328 | cap_prod=  50787745 -> log2=-4.402344
Bin 02: Re=    24, Im=   -14 | cap_prod=       772 -> log2=-20.408203
Bin 03: Re=     0, Im=     2 | cap_prod=         4 -> log2=-28.000000
Bin 04: Re=    57, Im=   -13 | cap_prod=      3418 -> log2=-18.261719
Bin 05: Re=   -67, Im=    40 | cap_prod=      6089 -> log2=-17.428711
Bin 06: Re=   102, Im=    21 | cap_prod=     10845 -> log2=-16.596680
Bin 07: Re=   -28, Im=  -102 | cap_prod=     11188 -> log2=-16.552734
Bin 08: Re=    -4, Im=    83 | cap_prod=      6905 -> log2=-17.247070
Bin 09: Re=    12, Im=    10 | cap_prod=       244 -> log2=-22.069336
Bin 10: Re=    46, Im=   -36 | cap_prod=      3412 -> log2=-18.264648
Bin 11: Re=   -46, Im=   -80 | cap_prod=      8516 -> log2=-16.945312
Bin 12: Re=    29, Im=   128 | cap_prod=     17225 -> log2=-15.928711
Bin 13: Re=    -8, Im=   -49 | cap_prod=      2465 -> log2=-18.732422
Bin 14: Re=    -9, Im=   -58 | cap_prod=      3445 -> log2=-18.250000
Bin 15: Re=     3, Im=    68 | cap_prod=      4633 -> log2=-17.823242
Bin 16: Re=    44, Im=    11 | cap_prod=      2057 -> log2=-18.994141
Bin 17: Re=   -36, Im=    11 | cap_prod=      1417 -> log2=-19.533203
Bin 18: Re=   -42, Im=    -1 | cap_prod=      1765 -> log2=-19.214844
Bin 19: Re=    13, Im=   -43 | cap_prod=      2018 -> log2=-19.022461
Bin 20: Re=    34, Im=    57 | cap_prod=      4405 -> log2=-17.896484
Bin 21: Re=    -1, Im=   -47 | cap_prod=      2210 -> log2=-18.891602
Bin 22: Re=   -16, Im=    64 | cap_prod=      4352 -> log2=-17.913086
Bin 23: Re=   -15, Im=   -99 | cap_prod=     10026 -> log2=-16.708984
Bin 24: Re=    24, Im=    94 | cap_prod=      9412 -> log2=-16.799805
Bin 25: Re=     9, Im=    -4 | cap_prod=        97 -> log2=-23.400391
Bin 26: Re=    47, Im=   -69 | cap_prod=      6970 -> log2=-17.233398
Bin 27: Re=   -95, Im=    50 | cap_prod=     11525 -> log2=-16.509766
Bin 28: Re=    48, Im=   -35 | cap_prod=      3529 -> log2=-18.215820
Bin 29: Re=   -32, Im=    73 | cap_prod=      6353 -> log2=-17.367188
Bin 30: Re=    11, Im=    24 | cap_prod=       697 -> log2=-20.556641
Bin 31: Re=    48, Im=   -77 | cap_prod=      8233 -> log2=-16.993164
Bin 32: Re=   -47, Im=     0 | cap_prod=      2209 -> log2=-18.892578

######################################################################

